Country_code,Y1961,Y1962,Y1963,Y1964,Y1965,Y1966,Y1967,Y1968,Y1969,Y1970,Y1971,Y1972,Y1973,Y1974,Y1975,Y1976,Y1977,Y1978,Y1979,Y1980,Y1981,Y1982,Y1983,Y1984,Y1985,Y1986,Y1987,Y1988,Y1989,Y1990,Y1991,Y1992,Y1993,Y1994,Y1995,Y1996,Y1997,Y1998,Y1999,Y2000,Y2001,Y2002,Y2003,Y2004,Y2005,Y2006,Y2007,Y2008,Y2009,Y2010,Y2011,Y2012,Y2013
CYP,408,406,409,455,509,538,573,628,693,699,740,732,734,670,633,637,649,682,716,784,887,912,943,1005,1038,971,1031,1042,1113,1160,1150,1266,1353,1299,1396,1365,1349,1368,1390,1205,1286,1254,1170,1193,1073,1120,1113,1240,1168,1222,1191,1093,1121
LTU,0,0,0,0,0,0,0,0,0,0,0,0,0,0,0,0,0,0,0,0,0,0,0,0,0,0,0,0,0,0,0,4835,5586,4945,4797,5473,6269,6173,5607,5912,5958,5784,5889,5469,5720,4930,5433,5129,5114,4511,4818,5009,5104
BRB,123,128,131,128,126,132,143,138,142,152,166,163,169,172,162,169,174,195,180,197,191,192,206,205,202,213,219,222,220,215,228,205,195,212,210,213,224,206,228,203,215,210,219,210,233,231,245,250,242,243,235,233,235
QAT,9107,9693,10061,11843,12608,12987,12596,14132,15346,16185,17205,18124,18688,19454,21701,23595,24010,26496,28400,26577,27749,28478,29147,29841,30306,31920,33351,34775,37580,36020,37266,39737,40063,38954,44226,43408,42133,40087,42814,43995,44949,44932,43750,44370,45218,45424,45558,47029,46645,46507,48649,48116,48589
LBN,1188,1229,1268,1397,1346,1407,1435,1484,1469,1535,1634,1785,1593,1635,1631,1574,1828,1830,1896,1965,2047,2061,2198,2140,2219,2394,2564,2628,2766,2881,3048,3095,3167,3312,3581,3744,3788,3495,3653,3531,3450,3645,3736,3888,3849,3672,3905,3887,3744,3865,4008,4204,4344
ZWE,1631,1751,1739,1867,1970,1995,2102,2220,2244,2357,2525,2675,2600,2772,2787,2897,2816,2798,2934,3110,3164,3131,3146,3243,3231,3247,3262,3360,3451,3481,3432,3466,3557,3611,3596,3897,4001,4079,4053,4179,4293,4059,4060,4108,4035,4291,4274,4245,4468,4650,4845,4957,4893
CAN,27232,30169,31257,30714,32185,34198,33535,34183,38534,38697,39789,36594,38564,38520,39393,38499,40494,39748,41357,40723,42442,41766,42112,40436,44454,44515,46473,44064,46093,46030,44489,45150,51505,51222,51674,53401,53436,56642,56600,56122,55348,55580,58864,56977,57631,55479,58446,57122,53444,52039,52963,54504,60085
BOL,1747,1806,1926,1881,2041,2092,2194,2328,2323,2481,2625,2644,2649,2853,3055,3133,3011,3028,3069,3251,3301,3262,2712,3234,3628,3720,3862,3833,3837,3676,3955,3819,4060,3943,4247,4359,4502,4454,4948,4962,4989,5227,5134,5004,5333,5382,5541,5804,5733,5935,6068,6171,6758
PER,5680,5951,5910,6627,7015,7349,7686,7293,8147,8481,8811,8326,8723,8766,9370,9982,9675,9167,10357,8800,9540,10147,9145,9872,10054,11389,12176,12416,11365,10090,10743,10639,11076,11992,13032,13508,14136,14909,15238,16714,15650,16186,16285,16456,17366,18420,18896,19871,20667,21688,22016,23191,23867
PYF,49,51,52,59,64,79,79,83,78,86,83,84,87,94,92,95,96,95,105,105,111,114,117,124,125,132,131,136,134,142,145,152,153,156,163,163,163,168,168,174,177,182,188,188,196,194,207,205,201,201,202,209,206
GIN,1737,1772,1679,1803,1755,1811,1883,1914,1921,1984,2052,2014,2114,2124,2162,2231,2267,2297,2320,2312,2365,2361,2396,2545,2591,2674,2753,2911,3036,3135,3291,3521,3656,3899,3952,4056,4156,4064,4266,4313,4400,4585,4826,4995,5181,5258,5435,5498,5688,5853,5914,6221,6359
GEO,0,0,0,0,0,0,0,0,0,0,0,0,0,0,0,0,0,0,0,0,0,0,0,0,0,0,0,0,0,0,0,3158,2887,2988,3390,3512,3635,3473,3549,3247,3316,3448,3684,3546,3728,3090,3241,3256,2943,2862,3071,3008,3272
MLI,1628,1684,1722,1720,1742,1793,1860,1981,1946,2135,1951,1904,1875,2027,2110,2138,2115,2130,2252,2215,2248,2502,2479,2555,2850,3025,3088,3258,3313,3484,3547,3521,3620,3620,3842,3962,4060,4244,4445,4495,4683,4900,5249,5426,5948,6262,7013,7094,7979,7934,8230,8468,8525
JAM,753,829,837,904,903,955,1014,1015,1013,1141,1276,1379,1265,1378,1372,1426,1378,1541,1466,1528,1538,1502,1481,1579,1535,1522,1689,1556,1618,1676,1631,1720,1858,1919,1948,2000,1966,1961,1985,1976,2063,2066,2109,2067,1991,2171,2099,1912,1940,2025,2167,2077,2109
SVK,0,0,0,0,0,0,0,0,0,0,0,0,0,0,0,0,0,0,0,0,0,0,0,0,0,0,0,0,0,0,0,0,6758,6573,6486,6855,6571,6343,6180,5547,5832,5764,5474,5539,5325,5401,5242,5352,5573,5787,5908,4891,5063
CIV,2446,2657,2734,2877,3001,3091,3188,3335,3481,3601,3721,3792,4030,4310,5087,5255,5306,5631,6125,6299,6551,6680,6516,7080,7121,7310,7454,7719,7740,7994,8308,8658,8696,8942,9264,9612,10517,10764,10931,10904,10946,11402,11507,11883,12352,12637,12701,13112,12895,13225,13568,13932,14082
CAF,1077,1028,1028,1021,1170,1026,1090,1128,1178,1241,1303,1340,1420,1435,1370,1409,1471,1501,1520,1523,1533,1500,1439,1360,1322,1361,1313,1332,1350,1425,1499,1521,1553,1537,1578,1657,1732,1833,1751,1842,1856,1847,1818,1880,1939,1966,2044,2117,2168,2264,2334,2376,2094
GTM,1350,1415,1517,1633,1643,1692,1770,1833,1921,1993,2009,2063,2206,2283,2384,2336,2451,2580,2580,2618,2965,2970,2901,2846,3059,3308,3465,3565,3830,4027,4013,4146,4261,4446,4437,4460,4555,5002,4970,5021,5340,5809,6076,6118,6362,6989,7364,7246,7582,7788,8087,7679,7706
SRB,0,0,0,0,0,0,0,0,0,0,0,0,0,0,0,0,0,0,0,0,0,0,0,0,0,0,0,0,0,0,0,0,0,0,0,0,0,0,0,0,0,0,0,0,0,12711,11236,13455,12704,12676,12398,8292,12700
CHN,247267,258505,259078,262765,292645,316782,319938,319841,329065,350441,355876,351658,397264,400105,408638,402630,424804,463806,463746,474350,474044,507691,548792,569897,563758,585319,615263,626555,638581,661253,674223,715572,788168,829845,887217,935939,953682,984740,1031183,1108767,1136634,1176895,1183956,1213812,1242226,1246463,1290373,1351862,1398386,1459273,1523778,1581186,1622193
GUY,272,283,277,307,307,315,313,316,333,332,328,332,354,327,347,358,584,563,649,770,776,720,731,584,646,685,730,872,724,1056,1063,690,691,722,748,636,701,830,613,627,695,822,840,838,787,778,764,756,815,841,817,825,841
CMR,2989,3085,3317,3375,3175,3453,3628,3793,3692,3895,4002,4258,4413,4840,4924,4845,5021,5134,5284,5422,5571,5787,5856,6321,6708,7222,6673,6451,6698,7127,7256,7574,7737,7893,8225,8197,8553,8829,9218,9436,9720,10090,10333,10764,11766,12454,12962,13610,14736,15258,16053,16707,17427
NPL,2836,2886,2951,2980,3101,3113,3156,3267,3373,3468,3536,3585,3719,3843,3854,4033,4152,4281,4289,4517,4672,4831,5645,5750,5801,5912,6360,7119,7670,7648,8156,8542,8621,9315,9479,9276,9800,9981,10550,10884,11520,11896,12473,12682,13251,13906,14402,14813,15502,16372,17132,18220,18320
MDV,30,32,34,36,42,43,45,45,46,52,54,57,60,63,64,67,67,74,72,78,82,87,90,96,100,106,106,111,115,96,104,114,133,146,138,148,151,157,160,168,177,180,172,180,190,191,200,211,216,234,245,275,282
URY,2314,2223,2342,2362,2291,2306,2162,2129,2356,2440,2472,2423,2488,2487,2557,2531,2351,2283,2483,2404,2526,2476,2327,2438,2368,2367,2487,2446,2432,2571,2441,2727,2749,2855,2786,2999,3014,3055,3009,3047,3296,3062,3053,3064,3119,3074,3478,3525,3754,3442,3792,3973,3895
SVN,0,0,0,0,0,0,0,0,0,0,0,0,0,0,0,0,0,0,0,0,0,0,0,0,0,0,0,0,0,0,0,2045,2230,2381,2420,2562,2500,2398,2545,2547,2388,2594,2339,2672,2590,2447,2504,2555,2451,2349,2327,2254,2248
MDG,3014,3109,3265,3392,3497,3491,3640,3866,4022,4052,4125,4194,4196,4608,4679,4885,4712,4894,4923,5115,5197,5111,5489,5668,5755,6062,5999,6028,6088,6296,6250,6243,6352,6424,6462,6632,6835,7021,7233,7398,7537,7512,7536,7793,8699,8914,9192,9306,9841,10168,10608,10753,10591
IRQ,3307,3498,3713,3888,4101,4348,4789,5082,5239,5142,5532,5860,5345,5493,5743,6509,6910,7711,7967,8413,9380,9983,10370,11639,12244,12038,12338,12529,12972,12558,9370,9222,9804,9573,9546,9753,9708,10270,11039,11223,12303,13003,11728,12940,14308,14979,14677,14170,14939,16509,16238,16431,18635
ARM,0,0,0,0,0,0,0,0,0,0,0,0,0,0,0,0,0,0,0,0,0,0,0,0,0,0,0,0,0,0,0,2282,2054,2208,2331,2295,2131,2209,2232,2083,2121,2180,2368,2758,2996,3115,3377,3480,3413,2954,3213,3489,3589
GBR,58547,62533,62581,63717,64601,62758,64326,66205,66724,66562,66810,66696,66408,65130,63639,64316,65993,66265,66913,64390,63558,67688,65576,66435,65673,66745,66733,67295,67112,66757,64876,66477,65854,66793,64730,67473,68826,68647,69879,69334,72217,72741,74148,73868,75129,74369,73496,74106,72930,73384,73070,73227,74993
BEN,1135,1124,1106,1145,1242,1277,1310,1422,1387,1416,1503,1520,1528,1421,1398,1653,1611,1791,1920,1778,1778,1809,1768,2098,2095,2276,2093,2439,2694,2731,2941,2993,3135,3320,3408,3711,3890,3977,4181,4372,4513,4725,5339,5792,5758,5838,6084,6403,6718,7033,7540,7726,8241
CHL,5475,5537,5941,6006,6178,6670,6739,6942,6797,7118,7217,7411,7042,8022,7213,7235,7420,8005,8462,8736,9237,8943,8547,8961,8598,8611,8764,9440,9759,9598,10624,11179,11932,13007,12575,13046,12702,12635,13717,13559,13110,14554,13969,15099,15526,16296,15184,15729,15063,15747,16744,16722,16452
MNG,515,576,606,634,689,650,642,605,619,692,726,687,846,859,912,923,885,916,919,901,980,1108,1206,1229,1257,1394,1306,1306,1314,1274,1153,1004,1007,998,1025,1047,1099,1174,1271,1218,1153,1158,1215,1265,1234,1353,1458,1563,1753,1534,1753,1845,1852
MEX,17756,18754,19823,20742,22339,24776,26078,27620,28585,30187,31793,34192,35967,37772,40092,39807,42842,45796,47786,54374,57807,57414,58163,59749,60862,61698,60860,61664,63706,66862,64889,69483,73245,71741,70861,76843,76775,82021,84179,87888,93684,93669,96743,97383,94967,98372,100024,102978,99058,101899,99952,104625,105061
RUS,0,0,0,0,0,0,0,0,0,0,0,0,0,0,0,0,0,0,0,0,0,0,0,0,0,0,0,0,0,0,0,227743,204697,176947,169006,160060,167926,147254,146558,155121,173193,164473,168657,179116,178577,183491,176140,195612,178850,162093,188840,173581,185457
ARG,21702,20390,20110,20819,22468,23369,23720,25178,26016,27105,27522,26570,27540,29568,29713,28717,28881,29139,29374,28694,29321,29373,29329,30012,31115,29927,31792,30914,29749,28529,29767,32554,35050,36035,35231,34470,36401,37427,37577,37355,37050,33177,33281,32280,36159,36075,37073,37969,34213,36521,39380,37973,40422
SEN,1213,1252,1383,1423,1435,1510,1555,1549,1551,1496,1517,1521,1661,1711,1773,1750,1770,1838,1887,1891,2030,2084,2124,2227,2309,2341,2387,2444,2531,2724,2711,2744,2919,2842,2965,3006,3100,3155,3293,3411,3501,3525,3971,4140,4128,4350,4581,5344,5098,5075,5000,5378,5362
UKR,0,0,0,0,0,0,0,0,0,0,0,0,0,0,0,0,0,0,0,0,0,0,0,0,0,0,0,0,0,0,0,78679,78091,72131,68489,64810,62105,59797,56484,59080,59434,65878,60119,73001,67876,72342,68403,76076,63386,71463,83898,71984,76875
BMU,35,35,36,37,36,38,40,40,39,43,43,47,46,47,46,47,44,45,48,48,48,49,51,51,52,52,53,55,53,50,50,58,56,58,61,58,55,54,50,50,49,46,44,43,46,48,48,47,48,44,43,44,54
MMR,5105,5464,5653,6169,6054,6069,6271,6777,6683,6992,7175,7265,7621,7745,7960,8229,8668,9463,9893,10698,11387,11781,12119,12666,12958,13175,13563,13437,12501,13211,13445,14292,14941,15367,15734,16453,16989,17652,18982,19771,20969,21820,23256,25960,28295,30830,32204,34036,34400,36596,36522,36652,37453
ZAF,10960,10858,11493,11290,12332,13326,13628,14737,15560,15981,15954,17052,17489,17800,18383,18425,18460,18620,19138,19733,20697,22032,22353,22756,23171,22595,24240,24024,25020,24817,24930,25407,25719,26138,27029,26412,27506,27720,28195,28479,28724,28025,28230,29318,30619,31116,31847,32231,32366,33166,34166,35409,35119
GMB,119,122,126,123,132,130,133,140,143,145,155,147,151,146,134,135,137,149,155,171,187,190,212,213,255,287,292,295,304,327,346,356,360,344,354,377,395,396,472,478,471,501,504,535,541,549,605,641,661,721,724,736,722
VUT,49,51,51,52,53,55,58,58,60,63,65,67,72,75,70,73,78,82,89,88,87,93,96,101,105,104,107,107,105,113,113,114,116,116,114,125,130,136,137,140,138,140,147,148,150,160,166,174,178,185,185,190,192
CZE,0,0,0,0,0,0,0,0,0,0,0,0,0,0,0,0,0,0,0,0,0,0,0,0,0,0,0,0,0,0,0,0,12687,14261,14831,15352,14636,14345,14281,14038,14064,13985,13201,14224,14033,12129,12792,12990,13298,12557,12612,11772,11988
TUN,1818,1950,1936,1937,2124,2156,2264,2249,2274,2341,2533,2801,2896,3142,3246,3495,3647,3865,4041,4193,4486,4528,4761,4941,5173,5458,5649,5729,5715,6413,6554,6618,6641,6653,7047,7381,7400,7684,8313,8356,8422,8976,8657,8993,9362,9704,10112,9819,10183,10528,10633,11124,11411
NGA,24925,25844,26656,27262,27772,27624,29055,29858,32184,35944,33689,31330,33328,34957,37247,36531,37044,38082,38487,40262,41064,42685,39709,42065,44218,47056,48966,52899,57226,61773,71763,77420,81938,84312,87422,88889,91962,95792,97651,99692,100886,107796,111879,119344,124460,132138,130098,134136,128891,137808,147918,148895,150461
AFG,4740,4707,4597,5085,5237,5085,5645,5754,5908,5227,5218,5561,5880,6008,6175,6545,5638,6109,6075,5905,5748,5615,5533,5286,4913,4524,4975,4703,4622,4893,4819,4797,5386,5673,6004,6336,6762,7006,7157,6784,6555,7536,8036,8271,8828,9159,9623,9689,10330,10515,10548,11352,11504
DEU,106423,114001,115909,117604,118854,121696,122990,125924,125056,124228,124119,125651,125836,123208,123132,122126,123043,126128,127355,126256,123625,126928,124078,129621,130547,130507,126921,125189,123806,116176,105934,105783,102693,103260,103890,105702,102964,104792,103364,108535,106872,109715,104912,107989,108698,108656,107924,110634,111206,105332,107085,107896,109444
IDN,31010,32400,32753,35353,35296,34548,34872,36294,36389,37354,38446,39403,43840,44837,44341,43382,46356,47582,49299,51783,55578,54529,58113,60007,61151,64610,65871,68839,70723,65754,67597,71263,73578,77863,87321,84714,83322,83271,86913,88747,90766,94125,97347,100286,101583,105354,108019,110731,115732,118096,124894,128794,128443
SLE,793,819,858,881,942,990,1003,983,1012,1051,1057,1059,1080,1072,1095,1084,1117,1139,1161,1207,1226,1236,1231,1230,1269,1290,1328,1336,1369,1389,1421,1433,1432,1466,1470,1543,1582,1542,1528,1536,1649,1761,2031,2394,2450,2679,2904,3027,3082,3432,3605,3802,3975
PHL,13380,13469,14322,14779,15165,15261,15885,16408,16945,17511,17867,18231,18630,20735,22316,23749,24966,26345,27624,28639,28558,29802,28698,29753,30106,31161,32087,32357,33651,35648,35448,37054,36921,38991,39606,41986,41999,40865,41543,43291,43909,45448,46290,47967,48217,49689,52016,54124,55837,57051,56685,57669,56594
NLD,16888,16776,17706,18397,17411,18339,19256,19244,20431,20183,20001,21032,22318,23430,23023,23737,26893,28949,28437,27796,27439,30215,28007,33023,34030,31459,32336,33864,23173,35165,31305,33168,29406,31829,28661,29444,27501,27012,30879,29775,29764,27002,26257,27995,25877,27186,27633,27870,27490,26711,27225,26661,26917
POL,65221,59006,65558,66917,65478,70266,72801,75126,75017,76398,72295,81337,85711,85079,82890,84087,79690,84351,82373,67801,77590,68482,70151,74422,72689,76510,75941,75296,75766,74936,70647,61937,70079,62004,66658,66041,64007,69474,65258,65815,63877,59970,57338,59998,54461,52601,58923,57248,57006,55647,57173,56767,55035
FRA,69193,72317,74356,74029,74761,75015,77112,76094,76342,74632,75021,76944,77692,77107,78329,77602,78862,84168,83824,83152,83483,86330,83363,84540,87494,85704,87310,87217,86055,85556,88485,85164,88243,86900,85653,86039,86358,87818,88141,89117,91057,91650,85605,90618,88663,86412,86490,88727,86436,83668,84582,82046,83038
UGA,6398,6521,6933,7013,6840,6649,7798,8214,8691,10631,10538,10820,10845,11593,12259,12255,12194,11899,10884,10895,11805,12907,13460,13056,12958,13464,14097,14902,15777,16128,16348,16116,16923,16870,17688,17415,17994,19407,21011,21654,22577,23273,23962,24205,24147,24085,24372,18606,19099,19937,20133,20502,20475
ALB,853,874,882,944,941,998,1024,1085,1116,1198,1187,1238,1288,1363,1411,1550,1630,1688,1675,1662,1818,1877,2002,1925,1831,1957,1903,1928,2077,2141,2101,2356,2606,3000,3050,3087,2775,2851,2980,3044,3166,3247,3264,3321,3362,3456,3371,3584,3658,3954,4056,4111,4135
VCT,39,40,39,40,41,44,40,43,46,51,53,49,51,48,48,51,50,52,53,56,59,59,55,58,55,60,63,65,60,60,59,59,61,56,54,59,60,57,61,60,70,77,92,88,99,103,108,111,117,116,109,110,111
MAR,4390,4821,5124,5500,5616,5398,5928,6698,6827,7070,7501,7730,7641,8349,8573,8522,8945,9750,9794,9723,10030,10625,10859,11380,12336,13485,13639,14580,15095,15441,16073,14850,15113,16028,15347,17937,17934,18695,18390,18274,18353,19927,20772,22327,21180,23013,22231,22572,24188,24923,26371,26113,27839
MUS,244,260,268,271,272,279,282,288,278,299,307,311,319,339,344,366,404,413,418,418,437,420,437,452,458,467,491,516,545,537,570,591,616,630,686,667,693,694,715,757,781,794,814,833,824,823,849,839,897,872,881,872,898
MYS,3390,3611,3744,3827,3964,4114,4226,4557,4773,5019,5025,5234,5551,5877,5923,6033,6598,6955,7330,7553,7621,7980,8315,8786,8806,8918,9198,9948,10160,10475,10835,11779,12618,12779,13823,14077,14876,13639,14566,14410,14237,14890,15942,16262,15932,16753,16536,15808,17030,18200,18126,18958,19495
GNB,176,176,179,186,187,191,190,188,193,192,201,199,205,205,214,230,254,258,264,276,290,299,303,311,331,336,376,383,372,383,411,424,434,431,437,434,437,442,456,482,494,505,497,520,550,550,556,574,563,610,614,635,616
EST,0,0,0,0,0,0,0,0,0,0,0,0,0,0,0,0,0,0,0,0,0,0,0,0,0,0,0,0,0,0,0,2385,2148,1824,1836,1846,1932,1899,1940,2195,2164,1900,1766,1762,1898,1736,2005,1884,1893,1760,1818,1891,1930
RWA,1958,2260,1959,2107,2229,2343,2783,2805,2994,3106,3168,3157,3285,3299,3576,3771,3907,4073,4285,4425,4600,4826,4866,4696,5068,4905,4950,4892,5410,4863,4973,4517,4217,3647,3790,4052,4243,4858,5392,5780,5932,6987,6717,6699,7013,7085,7133,7392,8108,8279,8674,9153,9274
TKM,0,0,0,0,0,0,0,0,0,0,0,0,0,0,0,0,0,0,0,0,0,0,0,0,0,0,0,0,0,0,0,3547,3628,3473,3317,2626,2816,2968,3824,4119,4497,5213,5684,5661,6419,6946,6731,6714,6351,6360,5880,5980,6027
WSM,78,82,85,90,90,91,97,104,107,113,117,118,122,126,132,135,135,133,135,135,138,138,136,134,138,134,143,139,129,120,112,99,102,97,103,113,120,123,130,136,139,140,142,149,149,151,153,160,160,162,159,170,169
KNA,15,15,16,16,15,17,16,16,17,16,17,17,16,17,17,17,17,18,18,19,17,19,20,21,22,21,23,22,21,21,22,21,21,22,22,23,24,24,23,27,28,27,26,28,26,29,30,28,28,29,28,30,30
MOZ,3879,4016,3954,4093,4169,4204,4321,4283,4478,4560,4861,4825,5111,5052,5021,5187,5208,5314,5415,5616,5577,5559,5567,5756,5820,5633,5785,5714,5654,6220,5818,5665,5901,6033,6690,7347,7770,8075,8413,8408,8813,9141,9841,9916,9467,10137,10193,11054,11674,12844,13288,14058,14259
NIC,751,781,816,866,900,933,980,1056,1102,1151,1140,1130,1223,1234,1291,1341,1448,1417,1351,1203,1271,1323,1307,1451,1485,1541,1498,1457,1430,1308,1379,1472,1453,1475,1477,1498,1533,1689,1867,1868,2032,2141,2171,2208,2257,2319,2435,2459,2500,2544,2663,2894,3010
LCA,58,61,62,66,68,69,68,70,72,72,76,73,69,71,70,76,75,83,87,85,87,87,91,95,103,107,110,108,108,109,120,121,125,127,127,127,136,133,112,120,110,113,114,110,108,108,110,108,110,111,118,115,117
BFA,1684,1717,1971,1975,2021,2079,2221,2287,2247,2276,2269,2135,2167,2253,2487,2665,2365,2756,2876,2842,2692,2993,2892,2922,3084,3784,4151,3974,4269,4354,4491,5098,5302,5322,5426,5682,5640,5565,5924,5559,6218,6371,6806,7081,7301,7511,7638,7861,8285,8688,8793,9173,9490
DOM,1747,1908,1966,2092,2043,2215,2147,2286,2456,2513,2619,2671,2811,2853,2848,2999,3177,3185,3198,3493,3476,3429,3629,3680,3798,3872,4126,4144,4285,3701,4058,4200,4490,4478,4597,4660,4904,4873,5124,5363,5741,6080,5957,5699,6234,6601,6686,6354,6968,7855,7576,8090,8440
TJK,0,0,0,0,0,0,0,0,0,0,0,0,0,0,0,0,0,0,0,0,0,0,0,0,0,0,0,0,0,0,0,2775,2827,2562,2511,2214,2184,2192,2374,2415,2599,2791,3107,3382,3903,4227,4419,4810,5321,5689,5984,6677,7046
DZA,3745,3617,3429,3627,3757,3768,3992,4421,4501,4678,4945,5356,5543,6208,7021,7125,7580,8110,8875,9602,10114,10598,11134,11781,13469,13980,14346,14416,16115,15095,15802,16452,17241,16770,17096,16812,16820,18108,18854,18883,19988,21349,22676,24312,24782,25534,24967,25459,28754,30034,32927,34683,36080
LSO,300,306,319,325,329,333,329,333,327,345,377,353,365,414,391,412,468,526,513,528,543,551,637,607,600,576,582,602,612,621,628,644,670,696,664,695,704,715,730,742,762,773,774,797,810,826,820,836,839,848,863,867,903
SWZ,185,187,182,185,192,201,214,225,238,254,272,272,281,307,313,321,308,321,328,346,324,324,328,379,401,389,398,447,476,470,460,470,471,476,470,467,484,499,552,595,612,614,603,651,651,594,573,580,587,612,620,641,693
HTI,2367,2409,2444,2533,2480,2492,2563,2513,2590,2656,2720,2737,2788,2821,2855,2902,3043,3081,3043,3242,3313,3363,3173,3147,3199,3159,3202,3077,3056,3068,3029,2976,2885,2995,3054,3108,3082,3300,3379,3550,3534,3348,3438,3685,3778,3809,4022,3899,4271,4384,4364,4334,4584
HRV,0,0,0,0,0,0,0,0,0,0,0,0,0,0,0,0,0,0,0,0,0,0,0,0,0,0,0,0,0,0,0,4764,4987,5380,5774,5897,5957,6100,6039,5746,6596,6640,6221,6443,6094,5960,5738,6541,5966,5739,5622,5118,5734
BGD,14726,14987,15723,16216,16555,17093,17184,18483,19301,20109,19270,18096,19243,19835,19462,20892,19665,21725,22481,22384,22581,23411,24280,24731,25878,26208,27330,27777,28186,29159,29832,30427,29899,30491,31632,32505,33672,34570,38654,39346,41127,42070,43769,45779,47961,49278,51346,53727,54259,57679,58103,58693,60427
BEL,0,0,0,0,0,0,0,0,0,0,0,0,0,0,0,0,0,0,0,0,0,0,0,0,0,0,0,0,0,0,0,0,0,0,0,0,0,0,0,17839,17882,18253,18109,17636,16175,16116,17506,17451,17483,16355,16098,15662,16669
DMA,41,44,47,48,46,47,47,49,49,48,51,49,51,51,54,61,64,65,66,69,68,70,65,66,67,74,81,89,85,81,76,76,75,71,77,84,90,87,88,88,87,83,85,84,80,86,91,90,94,91,89,91,91
TGO,835,861,857,911,950,982,1038,1035,1045,1074,1113,1143,1156,1116,1129,1119,1086,1189,1272,1294,1327,1312,1251,1330,1463,1411,1360,1519,1606,1797,1649,1622,1752,1888,1914,1950,2073,2118,2171,2247,2234,2307,2428,2455,2483,2596,2677,2728,2855,2956,3020,3182,3344
VNM,11927,12611,13025,13189,13480,13677,13872,14351,14782,15422,15386,15620,16066,16264,15733,17330,18391,19234,21082,21598,22104,21750,21883,22897,22689,23747,24162,24366,24494,24069,24832,26472,28006,29293,30354,31566,32964,34216,36151,39017,41111,43788,46138,47733,49198,49889,52130,52282,53844,56737,56373,62778,64055
AGO,2417,2387,2619,2644,2762,2837,2916,2843,3109,3231,3302,3249,3322,3264,3106,3208,3322,3462,3422,3453,3619,3513,3567,3691,4032,3799,3897,3918,4035,4082,4019,4275,4201,4774,5005,5196,5238,5902,5991,7261,8624,10124,10827,12771,13349,14123,14939,16027,18493,19200,20288,19033,24321
ESP,28990,29363,32047,31775,32398,35123,35656,37309,38034,39088,41704,42645,45477,48989,48150,46432,47257,49473,51759,53237,51637,52746,54086,56676,56250,54500,57171,57313,58986,60036,60075,58995,58651,58272,55046,60121,63322,65073,65703,66511,65907,67857,71401,71358,67309,69243,72471,70758,68038,66973,66722,63982,68797
ROU,18048,16834,17948,18084,18888,21169,21202,21384,21618,21199,23894,25666,26655,27495,27774,32955,33945,33945,35800,33780,32982,35723,35572,38146,37227,35037,33246,33165,32395,31494,30402,30732,29921,31142,30947,30497,30923,31372,32110,28904,31288,31774,34395,35778,34443,35274,32665,32409,30544,30415,33040,26845,30400
AZE,70,72,77,85,86,99,103,111,119,123,128,128,128,124,122,123,117,121,126,145,138,166,164,169,178,183,192,196,196,193,182,4496,4297,4233,4291,4509,4144,4428,4938,5316,5971,6312,6749,7046,7764,8139,8640,8757,9081,9133,9455,9919,10399
ISR,2317,2448,2477,2837,2804,3038,3142,3279,3397,3615,4023,4074,4292,4164,4321,4696,4572,4411,4669,4671,4833,5500,5313,5509,5578,5493,5604,6094,6651,6723,6743,7159,7359,7976,8033,7629,7851,7630,8018,8420,8888,9026,9184,9294,9078,8583,8534,8314,8845,9008,9018,9425,9656
ECU,5270,5494,5957,6276,6924,7160,6944,7037,6776,6535,6312,5698,5710,6351,6969,6149,7558,7347,6905,7169,7196,7189,6615,6640,6912,6685,6671,7398,7275,7203,7760,8537,8597,9388,8417,8796,10118,8681,8748,8237,8028,7964,7958,8343,8403,8347,8405,8900,9413,10286,10238,10174,9776
NOR,4500,4589,4618,4456,4700,4995,4448,4725,4838,5215,5028,5269,5403,5474,4913,5270,5378,5459,5446,5777,5739,5837,5765,5702,5831,5928,6249,5986,6292,5869,6092,6409,6521,6854,6732,6739,7154,6792,6798,6977,7077,6924,7184,7512,7437,7438,7701,8290,8019,7559,7722,7661,7614
ISL,200,199,205,197,215,206,216,211,214,224,225,228,232,235,231,258,267,259,261,253,255,256,272,286,275,285,305,339,300,297,301,290,291,302,311,314,311,312,319,324,335,345,349,352,369,387,422,401,398,391,397,408,410
KEN,4361,4536,4450,4691,4866,5097,5163,5329,5493,5717,5914,6196,6292,6470,6640,6878,7179,7481,8040,8070,8016,8442,8603,8057,9344,9886,10023,10304,10858,10917,11280,11634,11432,12180,12224,12375,12902,13307,14410,13795,15045,15055,15084,16093,18903,19307,19437,20583,21621,22418,22083,23986,24301
BRN,32,34,40,41,42,49,50,51,56,58,63,65,64,67,72,77,78,94,96,111,117,124,130,135,144,138,143,155,159,155,151,162,164,192,185,203,204,209,194,202,225,225,238,243,251,239,241,253,248,255,242,256,277
DJI,23,25,25,26,27,31,35,37,36,46,50,50,57,60,66,70,73,78,81,100,110,119,122,124,133,138,142,152,154,172,156,163,177,169,187,183,192,200,215,227,226,256,256,248,294,307,319,314,325,331,336,352,398
TZA,6185,6407,6555,6484,6873,7260,7219,7537,7674,8095,7743,7975,8597,9092,10636,11101,11351,11664,12569,12093,12646,13528,14127,14277,14453,14886,15094,14811,15514,15691,16944,16890,16666,17214,16557,16536,17370,17707,17610,17219,17590,19527,17609,21001,22158,23831,24647,24334,25798,26822,28159,27916,29568
COD,688,691,693,731,731,725,728,740,735,747,773,817,825,815,889,900,920,970,995,1058,1083,1136,1144,1171,1228,1252,1292,1320,1308,1339,1304,1318,1409,1405,1463,1529,1550,1642,1638,1752,1788,1838,1899,2028,1860,2028,2030,2115,2265,2332,2457,2452,2601
BLZ,47,55,53,54,53,52,56,57,56,68,74,76,81,80,86,86,86,92,92,111,122,120,96,108,113,111,136,134,134,147,157,177,178,161,175,179,180,188,204,213,252,244,254,222,233,234,252,252,253,264,256,268,277
CRI,623,655,683,728,767,790,813,868,900,957,1028,1023,1048,1098,1153,1230,1264,1330,1381,1418,1453,1349,1474,1528,1632,1684,1724,1864,2177,2292,2220,2325,2380,2635,2512,2706,2853,2968,3149,3206,3361,3358,3255,3049,3288,3603,3559,3548,3569,3694,3921,4029,4134
THA,10288,10925,11721,12119,12423,13376,13032,13971,15467,15762,15860,15558,18970,20395,21893,21916,22123,23588,23244,22737,24097,21511,22511,22382,23749,22915,23723,26724,27324,27873,29678,34033,34183,37707,39556,41075,40625,42179,41478,45815,44549,45930,46775,46448,46781,47846,49679,49855,47663,48700,48879,51935,51029
PAN,688,701,731,781,803,801,837,915,986,923,1020,965,1027,1108,1125,1094,1117,1117,1153,1171,1180,1199,1247,1305,1326,1325,1431,1327,1443,1399,1364,1535,1465,1583,1627,1728,1668,1782,1777,1864,1904,2011,2067,2043,2178,2159,2352,2304,2433,2512,2582,2735,2780
LVA,0,0,0,0,0,0,0,0,0,0,0,0,0,0,0,0,0,0,0,0,0,0,0,0,0,0,0,0,0,0,0,4083,3565,3345,3084,3344,3148,2822,2780,2839,2777,3001,2946,2828,2978,2876,2891,2698,2764,2651,2730,2609,2384
NCL,71,70,73,76,84,86,79,86,90,103,107,107,109,110,105,105,107,104,108,118,114,119,121,118,115,122,124,118,124,121,125,126,129,136,133,149,147,154,147,145,165,163,175,182,184,181,192,184,192,195,206,211,212
MNE,0,0,0,0,0,0,0,0,0,0,0,0,0,0,0,0,0,0,0,0,0,0,0,0,0,0,0,0,0,0,0,0,0,0,0,0,0,0,0,0,0,0,0,0,0,803,830,930,947,906,947,892,923
NZL,3813,3903,3893,3925,3975,4171,3965,4266,4347,4326,4259,4194,4320,4265,4169,4280,4149,4119,3826,3944,3992,4224,4094,4407,4496,4496,4630,4511,4337,4624,4425,4142,4550,4812,4913,5172,4735,4417,4556,4549,4738,4674,4681,4854,4885,5069,5197,5448,5294,5326,5442,5473,5539
ARE,48,51,54,58,60,72,82,97,112,138,144,165,271,337,411,553,628,730,832,924,1018,1187,1303,1507,1474,1652,1798,1715,1774,1759,1831,2195,2295,2391,2450,2469,2475,2612,3073,3179,2914,3161,3291,3259,3356,4216,4907,5898,5939,6127,6472,7088,7722
KOR,5162,5280,5597,5835,5692,5908,5809,5915,6421,6504,6946,7148,7705,7894,8477,9049,9191,9647,10049,10088,10584,10318,10439,10965,11360,12051,12252,12486,13274,13922,14163,13559,11986,10928,9992,10149,10544,11058,11379,11852,12079,12203,12414,12709,12655,12575,12340,12256,12346,12320,12126,12074,12239
SLV,1007,1020,1039,1131,1096,1139,1165,1206,1372,1431,1482,1501,1627,1722,1866,1955,1994,2140,2158,2371,2182,2132,2172,2233,2281,2248,2262,2348,2402,2436,2611,2878,2847,2850,3000,2836,2892,2795,2976,3428,3592,3764,3716,3783,4048,4274,4303,4424,4323,4020,4194,4287,4178
FJI,266,278,292,308,321,310,309,320,332,317,332,311,306,285,301,292,312,325,351,354,336,366,376,402,430,417,402,393,404,436,422,429,456,459,474,502,512,493,505,506,524,535,538,561,564,569,569,585,568,580,621,658,627
UZB,0,0,0,0,0,0,0,0,0,0,0,0,0,0,0,0,0,0,0,0,0,0,0,0,0,0,0,0,0,0,0,16085,15509,14967,14941,14557,14597,14330,14608,14172,14603,15738,16666,17048,18923,20882,22693,24209,25602,27652,29470,32002,33623
CUB,4875,3651,4006,4216,4226,5229,4968,8242,8181,8611,8921,9096,8681,9807,8146,8302,11020,7162,11384,9975,8585,10580,8719,11302,8754,8278,12091,13837,15257,14762,15019,13124,9834,10310,9092,8280,9146,8433,10318,11644,12111,13378,14552,14755,12738,11212,12911,14661,14865,11174,15437,13102,13488
KIR,21,21,22,22,22,25,25,27,27,29,29,31,31,32,33,34,33,36,37,38,38,38,37,39,38,36,38,39,38,42,42,43,48,46,47,50,48,51,51,52,57,55,55,55,59,61,61,63,64,64,64,65,68
BIH,0,0,0,0,0,0,0,0,0,0,0,0,0,0,0,0,0,0,0,0,0,0,0,0,0,0,0,0,0,0,0,2661,2602,2520,2530,2633,3191,3371,3305,3175,3451,3356,3472,4371,4411,4233,4209,4404,4435,4088,4191,3968,4227
KWT,189,210,231,272,317,361,416,456,471,512,535,580,599,653,705,798,870,973,1066,1166,1239,1334,1406,1506,1561,1653,1782,1838,1905,1290,616,1099,1252,1474,1572,1584,1679,1779,1853,1972,2036,1801,1819,1833,2155,2434,2427,2478,2711,2668,2684,2823,3584
DNK,12501,12359,12989,13831,13225,13257,13150,12805,12929,13381,13099,13086,13121,12002,11901,12142,12048,12554,13065,12916,13040,12045,12207,12003,11953,12868,12078,12051,11904,11608,11624,11805,11600,11817,12318,12763,13299,13309,13280,13528,13654,14148,14341,13944,14133,14352,13827,13603,13337,13633,13264,12861,13630
STP,41,40,37,42,40,41,40,41,43,42,44,45,43,43,44,45,46,46,47,49,48,51,50,52,56,52,57,58,63,61,67,69,72,79,75,81,89,91,95,98,103,105,107,110,113,116,117,119,124,121,118,119,128
NER,1162,1206,1255,1328,1416,1456,1573,1686,1705,1745,1843,1726,1821,1892,1975,2110,2174,2270,2353,2442,2518,2632,2718,2624,2562,2623,2719,2920,2979,3333,3171,3283,3342,3468,3636,3850,4083,4411,4533,5108,5179,5507,5923,5994,6307,6661,7015,7612,7553,8025,8183,9018,8922
GRD,39,42,44,46,48,51,50,52,52,52,51,51,52,49,51,53,55,59,59,56,54,56,51,54,56,57,66,64,63,65,65,67,70,73,71,71,70,67,72,66,69,76,79,76,78,73,75,73,70,79,77,77,76
TTO,376,398,415,446,458,470,487,478,538,535,556,563,579,597,621,649,705,725,762,838,827,852,859,874,865,884,847,747,707,697,770,737,699,678,700,697,702,746,720,750,810,809,772,789,792,859,820,878,827,843,920,972,973
PRY,2198,2210,2290,2854,3164,3108,3133,2969,3076,3656,3243,2954,2766,3175,3251,3562,3672,4000,4068,3987,4061,4469,4602,4708,4933,5053,6016,6356,6470,5887,5018,5303,5680,5743,5952,5691,6382,6398,6994,5804,6688,8117,8210,9058,8591,7969,8550,7030,6936,7273,7245,5562,7815
PRT,6467,6561,7034,6939,7246,7477,8127,8092,8380,8097,8541,8773,8794,9495,9698,9515,9736,9710,9483,10352,10569,10654,10583,10534,11618,12619,12994,13114,13305,14091,13706,13170,13858,14100,14117,14062,14109,15256,15278,14855,15075,14406,14170,15149,14197,13947,14664,14489,14157,14132,14005,14241,14025
BGR,7990,7995,8876,9406,9089,10249,9886,10074,10491,10807,11078,11214,11217,11896,12297,12800,12654,12933,13391,13039,13638,14179,13877,14169,13502,14269,14247,14813,14797,13037,13616,10904,9576,9771,9903,8873,9199,9557,9383,8287,8390,8554,7660,8755,7695,7357,6819,6537,6641,6732,6504,5919,6169
BWA,238,239,257,262,272,274,283,291,301,318,334,356,348,327,351,362,383,372,434,427,439,458,482,567,570,566,571,598,654,705,742,790,750,771,796,829,843,836,933,983,993,1018,892,928,920,942,1013,1055,977,1007,1032,1107,1135
JPN,56069,59318,61947,64141,65202,68353,70990,75290,76140,78743,80037,84628,85873,85054,85535,86845,93095,94129,96934,96818,95715,97857,99517,100542,102338,105363,107027,108131,108488,107649,107144,108245,107043,106917,107813,106483,106302,102619,103661,102636,101989,101730,100152,99508,99540,97806,97859,95168,94300,92776,93456,95236,94059
AUT,11271,11313,11821,12050,11333,11892,11975,12549,12024,12071,12199,11696,11858,11857,11601,12152,11577,12022,12119,12231,12024,12435,11984,12460,12342,12421,12134,12265,12197,12362,12231,12211,12158,12194,11649,11494,12229,11978,11540,11651,11853,11615,11739,12232,12233,12016,12218,12635,12367,12261,12721,12034,12493
KGZ,0,0,0,0,0,0,0,0,0,0,0,0,0,0,0,0,0,0,0,0,0,0,0,0,0,0,0,0,0,0,0,4521,3716,3216,3138,3392,3809,4059,4491,4697,4985,4953,5034,5328,5229,5274,5544,5535,6045,5585,5709,5836,6266
SLB,90,94,99,103,104,109,113,114,116,120,122,124,128,131,133,140,143,146,151,156,156,165,170,174,179,183,188,191,197,196,201,210,205,217,223,230,243,249,242,254,262,280,290,301,311,317,328,343,348,351,364,359,365
MLT,239,248,243,244,239,241,237,254,275,267,286,287,305,311,324,350,348,313,337,338,347,309,339,348,364,341,370,404,389,411,412,430,447,425,444,499,495,549,544,549,548,530,547,552,544,525,573,539,505,483,489,499,503
OMN,0,0,0,0,0,0,0,0,0,0,0,0,0,0,0,0,0,0,0,0,0,0,0,0,0,0,0,0,0,1117,1226,1286,1319,1426,1550,1376,1287,1468,1594,1567,1646,1659,1755,1797,1846,1905,2026,2118,2347,2525,2610,2976,3147
GRC,6804,6965,7348,7754,7895,8549,8719,8996,9432,9948,10215,10211,11338,12068,12277,11496,11548,12387,12433,13259,14007,13620,13713,14320,14123,13505,13914,14777,14818,14314,14832,15096,15141,15958,15821,16235,16374,16543,17435,17718,17778,17618,18018,18804,17940,17545,18048,17654,17011,15988,16623,16251,16370
KHM,1867,1855,2013,2070,2087,2117,2288,2292,2296,2534,2348,2329,2280,2244,1990,1912,1883,1764,1796,1786,1955,2020,2161,2138,2175,2278,2430,2724,2580,2777,2894,3060,3061,3203,3302,3211,3273,3457,3801,4009,4163,4304,4469,4528,4930,5255,5375,5487,5857,5925,6243,6548,6818
CHE,7987,8444,8457,8509,8637,8881,9559,9030,9404,9286,9431,9183,9457,9529,9498,9409,9427,9891,9968,10021,10214,10419,9994,10233,10048,9814,9587,9998,9931,9717,9711,9824,9622,9404,9441,9705,9311,9242,8658,9145,8955,8951,8722,8799,8692,8722,9272,9574,9444,9567,10134,9738,9777
AUS,12900,13810,14451,14555,14481,15279,15222,15672,16372,16922,17138,16376,16391,15740,16479,16022,15548,16540,16598,16152,16784,16894,17793,18364,18057,18562,19209,20518,21163,21650,20659,22857,22285,21326,25115,25178,25395,25426,25954,25952,27298,26962,29832,29003,31855,31282,31317,32219,29907,32463,30937,30977,31222
TUR,28415,29312,29749,31343,32304,32824,34188,34976,35550,36894,37591,38193,37838,38961,41534,44265,44845,46662,49728,49705,50104,51037,51979,55097,58992,55720,57657,59328,57119,62578,63233,63659,66121,64397,67551,69269,67720,71008,72705,74705,71918,73703,76939,77237,77831,78498,77523,79186,79812,80298,84192,87518,90302
KAZ,0,0,0,0,0,0,0,0,0,0,0,0,0,0,0,0,0,0,0,0,0,0,0,0,0,0,0,0,0,0,0,21907,20005,19713,15767,13445,11996,10440,10568,12982,14282,15565,16535,16649,17730,17915,18575,18521,20002,19486,23457,21711,23548
LBR,563,576,589,595,602,635,637,653,646,703,733,722,735,758,750,802,860,877,919,923,941,965,955,943,990,1032,1065,1127,1076,947,886,882,879,822,811,905,1043,1117,1181,1298,1314,1360,1352,1416,1497,1432,1500,1506,1509,1547,1650,1646,1692
TCD,1123,1195,1220,1237,1244,1271,1300,1321,1330,1324,1318,1286,1242,1242,1268,1276,1311,1339,1372,1392,1431,1511,1573,1513,1797,1634,1651,1866,1779,1866,1987,1976,1861,2204,2105,2190,2310,2532,2574,2523,2748,2786,2996,3068,3187,3332,3431,3419,3580,3769,3847,4143,4200
FIN,7130,6699,7155,6805,7336,7289,7332,7563,7530,7528,7266,7261,7325,7195,7433,7852,7318,7633,7543,8070,8148,7948,7691,7632,7493,7439,6907,7229,7486,7451,6898,6853,6605,6858,6976,7060,7204,7273,7183,7252,7454,7406,7641,7544,7556,7293,7762,7782,7819,7628,7918,8068,8091
TLS,197,200,196,197,201,217,215,226,239,234,234,232,247,257,263,262,269,274,275,268,273,277,280,296,298,300,304,313,312,301,321,346,370,376,375,340,341,308,335,336,352,376,385,383,380,378,385,383,405,398,396,419,427
SWE,10667,10260,10621,11101,11046,10700,10945,11046,10927,10996,11147,10877,10840,11019,11341,11483,11471,11657,11891,12035,11986,12169,12080,12483,12079,12053,11993,12016,12252,12135,11758,11856,12203,12331,12206,12416,12573,12375,12375,12211,12236,12417,12466,12601,12110,11753,12323,12755,12627,11969,12787,12957,13330
BLR,0,0,0,0,0,0,0,0,0,0,0,0,0,0,0,0,0,0,0,0,0,0,0,0,0,0,0,0,0,0,0,22079,23416,22394,21099,21618,19637,18740,17118,18769,18931,18792,19488,22049,21502,21110,22324,23979,22493,21432,21259,21264,18927
MWI,1326,1377,1419,1497,1544,1569,1632,1709,1758,1839,1981,2064,2334,2465,2560,2634,2703,2582,2612,2659,2721,2793,2625,2622,2762,2846,2932,3062,3154,3209,3387,3163,3572,3417,3854,4147,4493,5027,5666,7378,8085,6237,6755,7777,7245,8715,9377,9664,10315,10857,11346,12046,12617
JOR,1022,1005,1101,1183,1266,1066,1038,699,785,709,768,863,802,798,858,868,1036,1196,1171,1213,1251,1390,1503,1620,1842,1903,1976,2098,1934,2369,2500,2912,2891,3115,3276,3300,2989,3202,3431,3322,3282,3602,4103,4334,4186,4483,4547,4614,4601,4679,5163,5465,5491
ZMB,1489,1529,1536,1563,1617,1763,1845,1897,1952,2004,2067,2210,2294,2272,2288,2354,2480,2483,2475,2469,2465,2461,2463,2506,2504,2604,2688,2812,2964,3050,3094,3080,3256,3354,3442,3486,3438,3494,3724,3524,3679,3662,3858,3886,3974,4139,4095,4307,4608,4895,5033,5256,5500
HUN,12894,13667,13720,13646,13395,14515,14642,15077,15401,15862,16743,16885,16905,18777,18582,18286,20087,20479,20200,20234,20253,20851,21341,21676,20576,20495,21088,20825,20576,19672,18050,15749,14526,16055,15622,16062,15702,15945,16155,15242,15263,15341,15196,15408,15211,14807,13856,13672,13492,12572,12693,12093,11815
SAU,1294,1356,1428,1508,1608,1743,1760,1863,1944,2089,3171,2429,2318,2721,3032,3330,4328,4936,6600,7503,8365,10342,10648,11927,12527,13200,12968,13035,13366,12745,12829,12930,14936,14988,16339,16739,17056,15478,17149,17776,16169,17257,19687,17561,21686,23519,23649,23583,21824,24165,24123,27267,29797
ATG,46,48,54,49,43,37,33,31,35,39,43,30,30,29,31,28,27,29,31,39,40,38,39,41,40,41,41,43,41,40,40,45,44,44,44,43,44,42,46,47,45,47,46,47,59,58,63,61,60,59,61,58,61
SDN,0,0,0,0,0,0,0,0,0,0,0,0,0,0,0,0,0,0,0,0,0,0,0,0,0,0,0,0,0,0,0,0,0,0,0,0,0,0,0,0,0,0,0,0,0,0,0,0,0,0,0,21272,21830
IRN,8645,8855,9139,9587,10321,11109,11695,12538,12663,13173,13275,14249,15563,17129,18651,20207,21920,21942,22577,24637,27655,29856,31246,32811,34256,35792,37394,35526,38035,43231,41894,45338,46622,46333,48211,51566,52622,54789,55091,55109,57208,60229,61569,64169,68872,67383,68918,65173,70679,71684,70632,73372,73077
MRT,425,430,437,444,450,460,473,482,489,492,487,478,487,477,502,517,562,590,590,618,647,677,780,810,829,811,845,888,893,852,893,911,981,981,984,1055,1105,1143,1159,1169,1248,1282,1402,1455,1563,1391,1574,1613,1611,1759,1808,1953,2035
LAO,645,654,672,713,738,765,785,804,814,849,856,874,888,891,884,914,972,998,1034,1079,1100,1129,1146,1186,1232,1256,1334,1376,1449,1535,1482,1542,1606,1735,1619,1716,1805,1967,2107,2625,2634,3056,3018,3074,3239,3321,3607,3745,4020,4309,4905,4774,5298
CPV,72,70,69,75,78,76,81,78,92,85,89,86,94,98,103,103,118,149,128,138,155,124,157,161,142,163,187,185,185,192,182,222,207,209,211,213,216,222,232,261,275,280,296,322,322,332,344,342,328,330,348,358,363
GAB,345,346,345,352,356,359,375,382,383,392,410,411,436,457,473,485,502,530,532,561,569,606,638,665,701,698,703,740,706,706,780,778,804,788,928,965,985,1023,1038,1130,1108,1079,1099,1138,1180,1214,1247,1256,1333,1380,1414,1467,1520
GHA,4218,4203,4269,4405,4536,4874,5198,5138,5361,5744,5906,5826,6129,6654,6333,5922,5282,5212,5184,5225,5358,5151,5429,6788,6863,7234,7657,8002,8100,7190,10178,10363,11133,11648,12535,13649,14053,14478,15478,15575,16490,17732,18084,18343,18824,19486,20452,22120,23346,24559,25792,26439,27363
MDA,0,0,0,0,0,0,0,0,0,0,0,0,0,0,0,0,0,0,0,0,0,0,0,0,0,0,0,0,0,0,0,5760,6077,5120,5078,4516,5030,4473,4052,4001,4640,3996,3755,3846,4026,4145,3548,4000,3678,3791,3766,3452,3974
VEN,4763,4685,4894,5270,5320,5385,5563,6010,6267,6752,7008,7060,7255,7473,8169,8727,10224,10695,10993,11738,12248,12166,11667,12813,12329,11666,12853,14470,12700,11404,12823,13821,14115,13773,14347,14593,14892,16154,15671,16884,17474,15405,16135,16878,16711,17681,19997,21680,21773,22644,23075,22599,22731
ITA,52765,53199,57671,57984,59998,62377,64486,66735,68338,69257,68181,69118,71020,68959,69023,69607,68962,72844,75620,75729,73766,72886,74357,76461,74861,75119,75731,74578,74874,74100,76085,76763,74445,73854,74110,77614,76098,78229,80742,82376,78128,78200,77573,83998,82341,80232,80453,79208,79191,77431,78028,76730,76722
USA,279675,278160,276316,277837,294647,298063,301726,314467,323935,323288,339453,345507,341591,306573,321108,326121,337292,355712,365271,350120,358933,375759,365425,383755,390799,406529,416164,380412,398724,417962,415406,432098,425288,456672,425856,453127,455453,460786,469769,482482,475600,468985,481350,498748,491059,474446,482733,468048,464812,454740,446207,455266,469318
EGY,13483,14321,14992,15690,16431,17654,17232,18456,19209,19205,19557,20298,20876,21930,23238,24094,24302,25996,27804,28845,30337,31728,32778,33842,35480,37280,39018,38908,39024,40995,41233,42641,43346,44946,47086,50014,52741,54167,57713,60414,60564,62193,63641,63811,67863,70423,74303,76111,78084,78623,79030,82236,81043
HND,900,889,908,933,980,1042,1120,1165,1209,1232,1239,1273,1340,1322,1436,1474,1627,1875,1842,1967,1752,1995,2064,1944,2045,1910,2193,2221,2340,2422,2419,2666,2894,3131,2975,3311,3576,3369,3159,2950,3185,3344,4326,4288,4693,4588,5212,5528,5937,5125,4547,4595,4548
IND,154781,159401,157578,162280,163687,168005,173746,180704,187646,195949,194764,197604,206035,205102,218891,215538,233305,243635,241209,240529,255291,258483,283272,295102,296287,302724,311788,327179,345465,340583,358237,375294,379407,390229,404053,411708,428022,453829,474603,467172,475972,466320,482466,479216,494268,528171,560074,582408,583393,613427,633869,647593,668296
NAM,385,373,385,393,390,406,418,418,412,408,421,426,427,435,439,453,470,481,493,500,501,504,507,519,521,534,559,574,576,783,764,888,749,730,760,919,992,989,1129,1260,1124,1072,1089,1063,1088,1100,1126,1162,1163,1184,1231,1319,1401
LUX,0,0,0,0,0,0,0,0,0,0,0,0,0,0,0,0,0,0,0,0,0,0,0,0,0,0,0,0,0,0,0,0,0,0,0,0,0,0,0,611,611,654,654,655,646,650,650,688,673,690,718,752,757
BRA,63250,71267,76088,77346,76031,82508,82279,94009,91212,87070,87553,88087,86197,90180,97444,97072,94080,99332,104738,108959,106168,106504,98291,100479,115239,115867,122966,123936,131469,128129,134085,138817,134830,142897,155326,148069,152373,150527,155700,166138,161009,166521,167562,176820,178581,188250,192034,211775,205168,214555,224724,219622,219981
LKA,3754,3772,3998,4416,4380,4467,4874,4858,4850,4931,4799,4830,5156,5421,5840,5830,5925,6245,6985,7163,6666,6537,7223,7388,7173,7071,6938,7212,7216,7005,7112,6966,7022,8129,8019,8261,8370,8025,8393,8389,8455,8446,8520,8600,8727,9183,9244,9314,9463,9707,9907,10067,10546
COL,8891,9473,9324,9805,10030,10075,10478,10649,11044,11713,12811,13089,13554,13840,14554,15516,15982,16688,16868,17636,18185,17805,18425,18609,18389,19077,19628,20460,21288,22261,21952,22809,24367,25370,26682,27071,27632,26884,28190,29060,29789,30080,31446,31453,31788,34258,35301,36168,34952,34964,34982,37271,38423
IRL,5802,5964,5727,5457,5853,5828,6043,6139,6014,6121,6207,5955,5784,5526,5340,5414,5562,5458,5880,5982,5985,6628,6575,6564,6143,6305,5927,5996,5581,5972,5750,5713,5757,6009,6146,5950,6366,6212,6769,6692,7273,7705,7708,7879,7739,7612,7615,8457,7927,7894,7788,8006,9082
SUR,119,120,142,148,150,176,196,191,221,228,228,224,217,201,209,211,241,236,233,268,264,243,251,262,246,255,265,269,301,316,317,321,320,315,295,298,297,295,298,295,307,289,298,314,325,353,355,370,390,383,378,363,377
PAK,17372,18605,19025,20421,21957,21263,21875,22072,24649,25681,25950,26579,27140,28025,27933,29058,30839,31743,32086,32121,33823,36078,36668,39448,39543,41657,43839,44587,49201,50394,50685,54317,56663,59637,61582,67552,68740,70789,75107,76246,72627,72512,75258,77959,82228,83997,86235,87786,88179,89703,92335,93922,95255
ETH,0,0,0,0,0,0,0,0,0,0,0,0,0,0,0,0,0,0,0,0,0,0,0,0,0,0,0,0,0,0,0,0,12512,13140,13843,14919,15667,16040,16931,17823,18811,20652,21762,22433,23616,24373,25078,26156,27391,29816,30038,33089,34050
YEM,1493,1519,1574,1614,1666,1680,1710,1705,1692,1675,1823,1869,2055,2112,2218,2334,2606,2829,2967,3021,3138,3325,3347,3533,3643,3873,3828,4245,4380,4184,4365,4527,4866,4817,4920,5096,5314,5752,5814,6010,6187,6353,6741,6731,7031,7430,8032,8101,8563,8503,8548,9187,9373
