Reporter Name,Partner Name,Trade Flow,Product Group,Indicator,1992,1993,1994,1995,1996,1997,1998,1999,2000,2001,2002,2003,2004,2005,2006,2007,2008,2009,2010,2011,2012,2013
Netherlands,Afghanistan,Export,Food Products,Export (US$ Thousand),82.483,74.537,60.175,,450.19,68.203,39.891,239.247,223.684,100.324,417.599,1022.451,2250.575,3549.427,10275.618,9902.189,15235.344,21617.111,27136.385,27067.506,19208.499,13058.592
Netherlands,Albania,Export,Food Products,Export (US$ Thousand),369.732,678.654,771.204,510.978,1990.094,1708.692,1119.038,10082.237,5129.103,5060.1,1822.506,1513.317,3081.634,4887.614,2903.405,3875.486,5111.849,7281.979,6041.36,4869.151,6062.838,8782.27
Netherlands,Algeria,Export,Food Products,Export (US$ Thousand),1345.907,29125.143,4586.266,3726.585,21099.499,6683.017,4115.637,9328.736,3809.085,8866.147,10603.415,8788.097,17348.966,42642.874,41724.36,34284.932,36180.81,36934.521,36742.878,85983.083,149244.304,267393.424
Netherlands,American Samoa,Export,Food Products,Export (US$ Thousand),,,,,,,,,,10.749,10.393,,18.661,,,,,,,,33.109,
Netherlands,Andorra,Export,Food Products,Export (US$ Thousand),1110.288,1188.55,1554.962,5219.96,4939.47,6286.104,5048.346,3161.936,2391.495,1833.603,2267.504,3514.108,5750.229,9198.165,4056.727,3525.413,4080.342,5489.042,7256.262,7774.395,9851.183,10202.02
Netherlands,Angola,Export,Food Products,Export (US$ Thousand),12158.109,11249.941,5009.242,7823.859,6732.894,6274.252,7083.895,4234.412,3592.766,3598.233,3486.286,10313.856,6174.465,9505.349,12342.3,14031.645,23298.774,20750.64,22266.16,31049.662,24950.022,41865.244
Netherlands,Anguila,Export,Food Products,Export (US$ Thousand),,7.969,0.59,34.618,6.324,1.025,,,128.872,238.27,487.513,567.777,534.963,524.828,635.709,608.161,592.379,443.7,460.231,336.783,406.676,387.737
Netherlands,Antarctica,Export,Food Products,Export (US$ Thousand),,,,,,,,,,27.768,,,,39.797,,,,,,,,1.635
Netherlands,Antigua and Barbuda,Export,Food Products,Export (US$ Thousand),149.894,86.597,99.475,175.345,144.164,125.631,129.267,106.81,253.142,124.51,21.73,219.42,353.323,273.608,532.688,348.698,596.799,693.455,610.105,574.53,1152.001,1256.524
Netherlands,Argentina,Export,Food Products,Export (US$ Thousand),17309.894,9798.646,10064.857,10647.593,14241.316,15792.18,15142.523,11094.343,8699.774,7484.899,3690.363,3681.501,4805.957,5515.664,8837.106,12205.787,14838.95,14254.204,22242.287,19385.398,24586.57,31386.704
Netherlands,Armenia,Export,Food Products,Export (US$ Thousand),11.081,661.25,657.282,2118.547,4293.373,3634.325,1505.356,475.59,728.126,849.173,1338.772,2469.037,2753.192,3433.765,3541.627,3876.857,5769.067,3972.369,5792.013,10245.453,7084.303,6506.391
Netherlands,Aruba,Export,Food Products,Export (US$ Thousand),10397.354,6844.945,7712.489,7720.693,9449.542,9467.561,8329.2,9469.837,9273.253,11506.821,14654.686,17329.631,19763.762,21414.712,22477.208,13423.484,16095.915,19486.516,16401.2,17506.868,18388.317,21456.406
Netherlands,Australia,Export,Food Products,Export (US$ Thousand),45619.343,27729.224,34797.559,42695.66,36792.2,46030.927,30270.395,47438.809,49147.143,33895.226,43886.585,56764.101,74942.058,130363.723,139143.6,145616.924,129063.503,118167.866,140207.312,275840.943,304269.38,348112.318
Netherlands,Austria,Export,Food Products,Export (US$ Thousand),81230.57,60064.711,70325.39,126481.843,129590.417,126239.069,103305.124,116214.706,113843.6,99773.251,148581.94,195784.57,241675.009,253122.418,242090.741,338155.634,391499.252,400179.564,473716.941,520268.537,397696.331,430275.208
Netherlands,Azerbaijan,Export,Food Products,Export (US$ Thousand),1244.694,585.902,2733.33,8743.799,6754.724,2678.412,1867.424,514.733,230.13,382.486,1050.609,1185.318,1081.123,1124.276,1289.006,2110.032,3563.116,3613.782,5522.772,9550.748,13182.058,20742.417
Netherlands,"Bahamas, The",Export,Food Products,Export (US$ Thousand),216.711,188.625,184.613,157.62,174.073,495.888,356.011,504.592,512.726,682.563,682.14,717.073,668.081,518.609,675.912,841.542,769.209,908.329,948.314,833.327,899.222,690.952
Netherlands,Bahrain,Export,Food Products,Export (US$ Thousand),6827.664,5917.846,6257.502,6696.054,8138.722,7013.259,4724.622,7473.215,7259.171,7750.936,8752.563,9205.448,12854.036,11870.807,14965.54,13936.92,16051.708,12644.049,13749.898,19452.817,22217.434,21359.244
Netherlands,Bangladesh,Export,Food Products,Export (US$ Thousand),3590.721,3689.847,3272.666,3184.989,3155.909,4453.795,4826.157,5716.337,6515.397,6203.077,6477.502,3235.875,3875.37,4388.903,4726.356,7974.74,10932.49,16204.811,21730.33,12947.518,17686.407,20172.59
Netherlands,Barbados,Export,Food Products,Export (US$ Thousand),360.09,506.449,458.925,600.63,601.038,618.453,595.881,378.927,470.384,622.547,701.035,1141.208,1015.184,1247.398,1350.567,1323.404,1308.539,1702.245,2185.765,2468.385,2311.685,1924.724
Netherlands,Belarus,Export,Food Products,Export (US$ Thousand),780.485,2823.797,2853.121,5311.921,15778.688,4844.047,2877.391,1854.042,1533.575,1424.245,4294.084,7746.42,13082.95,11839.715,18235.797,19281.327,19057.809,13262.16,17019.262,21067.488,16562.189,20845.528
Netherlands,Belgium,Export,Food Products,Export (US$ Thousand),,,,,,,,1452080.322,1232966.305,1252319.324,1467261.779,1778406.767,2110788.737,2051202.083,2162697.803,2595159.608,3087397.599,2833061.017,2933254.954,3937168.936,4018158.045,4643437.241
Netherlands,Belgium-Luxembourg,Export,Food Products,Export (US$ Thousand),1499115.592,1498061.692,1685590.696,1915746.92,1722403.904,1408922.556,1413695.372,,,,,,,,,,,,,,,
Netherlands,Belize,Export,Food Products,Export (US$ Thousand),222.288,152.845,124.63,104.618,147.361,209.738,110.081,239.728,179.5,285.745,413.819,617.542,752.68,1798.345,1276.442,1937.056,2309.1,2148.735,2417.871,2714.921,2761.61,2478.77
Netherlands,Benin,Export,Food Products,Export (US$ Thousand),4181.987,3833.051,2365.219,1876.792,1644.217,2141,1738.656,1232.484,616.745,1658.035,3428.654,3877.168,4594.459,4564.261,4100.699,3999.039,6147.776,3910.978,4578.436,4070.503,2954.862,3969.134
Netherlands,Bermuda,Export,Food Products,Export (US$ Thousand),2778.187,2818.995,1728.9,2828.804,4355.09,3536.894,1732.099,2626.41,2232.247,1999.317,2337.419,2979.131,3556.879,3110.413,3728.822,4519.34,3866.673,3316.587,3221.616,3323.972,2719.27,2474.257
Netherlands,Bhutan,Export,Food Products,Export (US$ Thousand),22.497,,,23.301,2.563,,,1.449,,,,53.158,,,,,,,,,87.461,
Netherlands,Bolivia,Export,Food Products,Export (US$ Thousand),149.248,77.562,210.759,196.8,166.591,283.072,763.536,519.092,269.712,515.058,513.968,968.16,656.884,961.354,1021.406,996.671,1676.935,933.444,2083.64,2605.538,2719.396,3029.347
Netherlands,Bonaire,Export,Food Products,Export (US$ Thousand),,,,,,,,,,,,,,,,,,,,,,6572.828
Netherlands,Bosnia and Herzegovina,Export,Food Products,Export (US$ Thousand),71.249,1877.709,1070.439,3038.847,4426.338,4911.726,5378.088,5839.575,5499.149,3637.645,4977.17,7288.354,10618.389,10847.268,7721.477,8427.774,11778.326,14259.787,12097.312,11064.586,8739.173,7238.715
Netherlands,Botswana,Export,Food Products,Export (US$ Thousand),,,,,,,,,,0.896,,,,85.813,,,51.575,37.673,,,,
Netherlands,Brazil,Export,Food Products,Export (US$ Thousand),1772.394,6524.595,7223.176,33467.824,20049.171,32845.383,32326.216,19060.101,24955.123,18993.51,23329.776,27212.565,34166.701,38803.672,43441.779,69961.91,78612.545,73224.422,125392.384,141655.539,178688.578,191049.825
Netherlands,British Indian Ocean Ter.,Export,Food Products,Export (US$ Thousand),90.234,,,10.198,,,,10.149,,,,,,,43.972,56.286,,,,,32.31,26.037
Netherlands,British Virgin Islands,Export,Food Products,Export (US$ Thousand),1179.115,1111.722,832.359,1347.365,1503.718,1037.938,284.811,839.06,808.211,943.226,1191.385,1529.152,2498.151,1492.401,1434.742,1655.627,1942.179,2355.237,2892.692,1210.567,1237.201,1047.681
Netherlands,Brunei,Export,Food Products,Export (US$ Thousand),170.476,181.815,239.871,223.738,89.724,146.657,169.66,148.373,185.943,207.814,223.917,245.432,273.702,179.088,214.833,234.753,374.289,668.341,713.558,685.881,773.095,456.241
Netherlands,Bulgaria,Export,Food Products,Export (US$ Thousand),4921.619,11829.473,9551.405,15869.857,12508.196,12369.126,13089.744,11008.303,9658.95,15101.47,30033.082,47963.561,53307.168,29974.876,43081.209,45697.227,71412.633,65052.253,52415.933,65994.795,56739.108,73708.377
Netherlands,Bunkers,Export,Food Products,Export (US$ Thousand),,,,,86.549,,412.56,,,,1243.348,1919.356,2495.663,12531.195,25140.651,21779.871,3576.377,1494.349,6745.633,10935.73,19220.254,21900.91
Netherlands,Burkina Faso,Export,Food Products,Export (US$ Thousand),201.955,176.758,105.974,156.651,153.25,102.56,245.416,93.759,185.024,762.284,1009.984,1143.471,1377.219,1925.199,4099.443,932.149,1025.612,1243.197,932.399,2935.966,3378.779,5553.386
Netherlands,Burundi,Export,Food Products,Export (US$ Thousand),43.278,15.427,121.754,32.503,30.932,76.919,62.112,14.983,84.687,22.394,37.791,71.254,945.516,481.3,404.542,163.366,340.397,365.565,140.59,226.21,153.608,184.021
Netherlands,Cambodia,Export,Food Products,Export (US$ Thousand),29.716,57.53,37.577,119.889,184.895,39.998,,8.216,66.277,8.062,34.013,67.862,158.001,110.686,179.656,442.05,565.854,760.43,1466.903,2401.177,2917.268,3783.591
Netherlands,Cameroon,Export,Food Products,Export (US$ Thousand),5307.367,6320.978,2657.054,2275.164,2288.127,4740.463,5029.149,3373.146,4401.896,4843.327,5328.632,6121.129,7791.794,6993.142,8183.81,7864.914,8557.08,10126.96,10518.997,15500.33,14675.014,16929.972
Netherlands,Canada,Export,Food Products,Export (US$ Thousand),42130.7,34435.669,34742.206,33155.672,38300.739,44298.631,44606.474,50443.182,56544.39,59248.568,77383.278,84096.557,92949.151,98345.502,111884.756,137660.029,151870.099,122521.147,142504.489,151803.606,146237.927,150298.614
Netherlands,Cape Verde,Export,Food Products,Export (US$ Thousand),2153.325,2155.511,2305.814,3647.365,1897.185,1758.42,2215.847,3115.511,1795.001,1830.021,2621.8,4041.168,4048.299,3901.384,5451.266,7450.323,9237.873,8442.854,6882.244,7372.374,6627.308,6729.579
Netherlands,Cayman Islands,Export,Food Products,Export (US$ Thousand),1420.059,1151.252,1374.093,1613.9,3144.66,2922.028,1871.984,1840.518,1517.927,1795.086,1818.726,2518.802,2620.073,2622.895,2674.751,2531.49,2655.391,2610.573,2157.913,2093.81,1673.326,1665.178
Netherlands,Central African Republic,Export,Food Products,Export (US$ Thousand),161.997,144.972,234.469,228.513,619.741,549.737,1358.897,685.831,40.502,43.892,50.075,59.945,90.819,50.99,110.559,74.133,30.945,354.401,344.843,133.541,51.793,232.979
Netherlands,Chad,Export,Food Products,Export (US$ Thousand),28.719,,,123.05,519.265,62.558,235.322,44.465,81.006,181.838,194.627,197.929,262.506,220.129,195.989,709.751,5210.579,2886.84,3031.954,3032.968,3184.115,8173.589
Netherlands,Chile,Export,Food Products,Export (US$ Thousand),4912.259,5818.215,5737.304,8774.725,9540.992,12217.334,12763.521,7838.629,7722.188,14198.553,7923.979,10562.683,14040.903,14438.981,14419.032,22633.765,26549.489,22611.948,31747.979,40939.77,43230.118,47118.906
Netherlands,China,Export,Food Products,Export (US$ Thousand),1410.556,2221.954,5343.774,14517.59,7950.193,10464.011,23513.695,48640.861,51416.208,33509.157,23564.085,30455.228,46203.362,55476.279,70763.439,86096.721,120944.076,302426.076,372483.365,463539.711,539336.744,657326.435
Netherlands,Christmas Island,Export,Food Products,Export (US$ Thousand),,,,,,,,,,,,4.524,,3.731,,,,,,,,
Netherlands,Cocos (Keeling) Islands,Export,Food Products,Export (US$ Thousand),1.318,164.624,1.834,5.295,1.25,1.538,94.934,,,,2592.512,2023.411,164.221,671.58,,31.575,,,,,,
Netherlands,Colombia,Export,Food Products,Export (US$ Thousand),2220.508,3192.376,4121.625,5569.572,8873.335,15600.392,11905.062,9516.763,14334.237,16194.286,16259.89,16666.849,16241.717,17667.541,17877.741,23041.495,23080.684,7473.132,15580.212,24775.685,38783.804,29690.406
Netherlands,Comoros,Export,Food Products,Export (US$ Thousand),297.387,128.774,173.749,202.415,228.25,681.527,579.719,362.977,208.956,218.563,302.333,156.082,182.883,243.759,341.725,553.248,533.436,414.398,446.968,347.092,403.802,544.768
Netherlands,"Congo, Dem. Rep.",Export,Food Products,Export (US$ Thousand),238.776,242.143,477.737,100.852,211.014,268.708,486.797,383.756,1024.532,532.077,377.917,611.886,508.837,2329.39,2444.841,3747.812,5492.033,8219.608,8126.326,15722.277,13485.788,17036.317
Netherlands,"Congo, Rep.",Export,Food Products,Export (US$ Thousand),1403.945,745.231,775.814,724.133,964.887,1055.347,1223.053,619.613,700.513,1006.824,835.197,1097.097,1422.006,1830.678,4647.206,7262.243,14567.811,8507.037,10578.682,11108.59,16741.153,18380.025
Netherlands,Cook Islands,Export,Food Products,Export (US$ Thousand),,6.7,,,,,,,,,,,,,,,110.518,,,57.471,68.085,97.166
Netherlands,Costa Rica,Export,Food Products,Export (US$ Thousand),1422.008,1757.284,2283.134,3641.71,2385.291,3246.123,3284.927,5117.972,7046.532,9360.6,7660.384,7572.241,8443.704,6251.917,8011.691,4331.264,5561.29,3474.252,3211.007,8805.464,4405.491,4880.73
Netherlands,Cote d'Ivoire,Export,Food Products,Export (US$ Thousand),2236.531,1007.926,714.925,1189.093,4427.947,1839.97,1437.18,1355.245,1282.277,2744.583,1944.386,3866.99,3966.188,5239.573,5804.299,7299.311,9313.026,10906.921,13275.077,14277.185,14363.44,27408.386
Netherlands,Croatia,Export,Food Products,Export (US$ Thousand),4913.103,24987.841,18456.098,27423.357,22826.256,19892.109,17517.432,17191.516,12767.524,17196.633,21810.549,35979.173,34134.355,39801.094,48547.553,63351.757,70217.558,72991.412,76820.109,91909.548,72085.151,66478.788
Netherlands,Cuba,Export,Food Products,Export (US$ Thousand),3216.69,5919.413,5450.027,12858.779,4304.597,5041.494,3504.602,3741.447,3418.787,3641.229,3651.625,4861.164,3487.211,2983.559,1979.994,3068.265,4285.171,2044.089,2488.165,1931.049,2056.711,6024.533
Netherlands,Cura√ßao,Export,Food Products,Export (US$ Thousand),,,,,,,,,,,,,,,,,,,,54723.024,52595.449,31246.518
Netherlands,Cyprus,Export,Food Products,Export (US$ Thousand),17959.949,10699.656,11191.683,12630.946,11698.46,13030.109,23048.063,12897.146,14154.738,13854.584,16351.534,20240.902,27864.092,29076.949,29968.771,30403.956,35144.881,37094.978,37400.73,62814.485,48704.498,51976.537
Netherlands,Czech Republic,Export,Food Products,Export (US$ Thousand),,26141.667,37657.986,43525.988,51551.166,62638.507,30386.036,27565.238,23300.961,26277.758,38131.849,47705.686,66480.938,90517.86,88915.063,160336.355,211514.722,179578.432,180423.808,240410.99,229566.998,301852.755
Netherlands,Czechoslovakia,Export,Food Products,Export (US$ Thousand),22698.077,,,,,,,,,,,,,,,,,,,,,
Netherlands,Denmark,Export,Food Products,Export (US$ Thousand),170391.191,166710.66,182766.332,220752.234,238771.585,210503.618,166620.893,168662.768,157360.883,156746.61,206473.192,246300.863,287948.041,269814.925,324240.403,358934.713,466304.067,403264.533,469143.81,635385.333,582258.584,679251.232
Netherlands,Djibouti,Export,Food Products,Export (US$ Thousand),2666.437,1993.875,1177.326,1121.233,1378.787,1973.826,1132.682,1581.451,1622.865,1651.765,2114.447,2039.245,2878.846,2905.208,3512.73,5016.304,4814.185,4339.328,3242.838,2598.14,3626.511,2605.837
Netherlands,Dominica,Export,Food Products,Export (US$ Thousand),205.933,192.851,118.768,78.009,125.528,236.406,128.768,99.079,221.845,41.205,28.343,61.075,313.512,574.574,648.272,741.326,1009.404,912.516,1127.366,1095.837,1342.974,1487.783
Netherlands,Dominican Republic,Export,Food Products,Export (US$ Thousand),2127.095,2250.295,3279.513,3516.361,4067.637,5617.9,3233.926,4233.961,4863.073,6518.38,6332.003,5578.236,4528.522,4048.138,10476.631,10377.185,13439.05,12137.561,17698.333,19072.597,21255.193,20995.448
Netherlands,East Timor,Export,Food Products,Export (US$ Thousand),,,,,,,,,,319.783,175.732,545.156,1369.753,1458.822,,63.15,107.572,68.369,94.167,156.096,249.443,78.414
Netherlands,Ecuador,Export,Food Products,Export (US$ Thousand),1838.15,1562.363,2440.79,4045.008,4167.695,5143.033,3904.047,2355.262,3379.205,5563.51,8836.65,9836.562,8026.929,7771.678,9085.863,10097.128,13518.623,11834.786,6890.202,13521.217,10953.198,10928.165
Netherlands,"Egypt, Arab Rep.",Export,Food Products,Export (US$ Thousand),32209.562,18485.345,24329.881,29001.335,24268.953,28925.925,24948.86,31395.639,22774.427,21337.69,22580.554,11444.885,15411.904,19040.55,23825.262,45688.99,91577.1,96520.06,114155.851,84652.633,80234.018,77797.912
Netherlands,El Salvador,Export,Food Products,Export (US$ Thousand),690.676,1216.126,1522.126,2299.157,2372.303,2300.493,1805.829,3230.09,2897.778,3656.456,4227.949,6141.489,5797.503,5235.84,7589.558,5267.53,5409.512,6885.718,8597.168,13036.487,11436.267,16831.275
Netherlands,Equatorial Guinea,Export,Food Products,Export (US$ Thousand),468.575,647.287,164.605,42.111,456.056,483.572,520.119,363.94,379.252,625.234,1010.928,1599.275,2342.639,2019.717,5230.149,6647.219,6972.981,9028.874,9846.556,13744.819,12326.071,20113.311
Netherlands,Eritrea,Export,Food Products,Export (US$ Thousand),,,,,,126.662,10.603,163.847,162.931,1134.918,949.517,929.705,624.538,700.185,341.725,79.624,125.254,173.015,204.253,149.965,32.42,51.318
Netherlands,Estonia,Export,Food Products,Export (US$ Thousand),3642.504,9774.996,13132.734,11759.265,14273.096,12595.247,12672.596,9116.05,7099.002,8469.329,11041.797,13533.897,16902.335,10566.199,14000.67,22005.011,35060.888,29808.813,34303.786,49654.198,51535.345,55149.925
Netherlands,Ethiopia(excludes Eritrea),Export,Food Products,Export (US$ Thousand),,673.267,208.574,214.231,217.799,628.173,771.08,350.874,1595.249,659.275,463.893,568.908,823.592,1732.429,2007.634,2131.998,1999.649,1915.723,1989.472,4697.903,3996.955,3441.725
Netherlands,Ethiopia(includes Eritrea),Export,Food Products,Export (US$ Thousand),1291.232,,,,,,,,,,,,,,,,,,,,,
Netherlands,Faeroe Islands,Export,Food Products,Export (US$ Thousand),516.328,368.288,383.085,483.766,472.218,319.988,346.918,234.41,239.334,224.834,306.113,547.418,864.649,492.493,746.267,1658.373,424.392,514.86,1140.63,1945.339,1551.294,2387.922
Netherlands,Falkland Island,Export,Food Products,Export (US$ Thousand),,,,,,2.051,,,0.921,0.896,,21.489,,11.193,,,,,,,,0.048
Netherlands,Fiji,Export,Food Products,Export (US$ Thousand),54.041,14.82,14.376,15.024,25.053,28.715,12.117,35.282,9.205,7.166,3.78,9.048,19.905,69.645,281.42,234.752,160.621,259.523,496.042,746.066,746.428,762.428
Netherlands,Finland,Export,Food Products,Export (US$ Thousand),50351.45,49310.191,54717.79,76985.282,82363.041,75336.353,69164.478,81114.315,75020.02,83713.326,105386,133361.931,170401.801,158251.724,161275.312,220810.67,303212.656,260882.936,282361.653,311705.697,308338.324,381349.115
Netherlands,Fm Sudan,Export,Food Products,Export (US$ Thousand),828.789,1134.009,932.729,1292.78,641.793,1907.155,1918.942,1331.085,1408.385,3842.773,3680.914,5854.208,9122.981,8111.198,14709.248,11777.466,11561.709,13472.847,20098.962,25937.512,,
Netherlands,Fr. So. Ant. Tr,Export,Food Products,Export (US$ Thousand),,,,,,,,,,,63.301,,46.032,63.428,28.895,48.049,104.624,62.788,34.484,70.753,0.679,
Netherlands,France,Export,Food Products,Export (US$ Thousand),1726321.448,1597025.66,1927902.488,2298584.084,2298818.048,2008119.536,1804798.7,2040998.121,1885785.355,1870376.918,2326606.837,2543385.241,2476973.212,2615733.888,2845888.817,3378413.945,3667366.257,3388269.019,3492834.815,4221912.251,3869966.072,4127271.771
Netherlands,French Guiana,Export,Food Products,Export (US$ Thousand),5802.551,5408.585,5465.635,6929.725,,,,,,,,,,,,,,,,,,
Netherlands,French Polynesia,Export,Food Products,Export (US$ Thousand),1902.463,891.122,781.096,880.168,673.984,2241.513,766.057,841.953,499.839,636.879,410.986,3422.494,3441.179,2127.915,1669.677,2230.841,3734.052,3944.464,4017.406,4055.003,3731.265,3086.724
Netherlands,Gabon,Export,Food Products,Export (US$ Thousand),2685.183,2703.355,2492.735,2972.564,4361.98,4521.479,3538.414,4587.753,3978.46,4050.587,4117.409,4481.139,4374.254,5201.018,5982.699,8370.115,10281.168,10320.905,14789.728,20029.194,19888.648,25169.52
Netherlands,"Gambia, The",Export,Food Products,Export (US$ Thousand),2897.459,869.383,714.603,990.042,885.684,1533.301,2393.104,2578.537,2294.841,3210.372,3830.191,4558.048,5770.133,5189.823,5972.646,9317.362,8997.678,10076.73,10432.785,14610.215,12420.338,11791.667
Netherlands,Georgia,Export,Food Products,Export (US$ Thousand),1352.461,139.089,1077.753,2997.942,6465.888,7007.1,5132.156,510.384,798.085,2337.91,1414.355,1714.64,1954.479,2703.734,2883.303,2907.643,6258.295,5491.831,5520.121,6071.073,6956.159,8558.33
Netherlands,Germany,Export,Food Products,Export (US$ Thousand),2672565.728,2850138.968,3054571.608,3462776.576,3234071.296,2900170.272,2363503.744,2649295.492,2256227.646,2336205.173,2510463.572,3303645.058,3734933.083,3872829.347,3947025.727,4783085.772,6185947.251,6238095.751,6213415.309,8284789.003,7398049.256,8106154.255
Netherlands,Ghana,Export,Food Products,Export (US$ Thousand),3570.458,3289.851,2523.656,3075.193,2872.99,4806.097,2953.145,3043.026,2447.646,3660.936,3275.598,3610.246,5319.768,6317.831,8137.324,10558.397,13565.776,14664.418,15001.938,19351.421,25717.549,31431.289
Netherlands,Gibraltar,Export,Food Products,Export (US$ Thousand),2864.918,2461.72,2930.643,3916.292,3307.685,2207.648,1402.827,1722.564,1744.374,1202.099,1045.887,1870.722,12627.608,7480.661,1856.873,2158.081,2936.844,4427.231,6132.875,12841.328,34939.7,41970.975
Netherlands,Greece,Export,Food Products,Export (US$ Thousand),198198.008,188707.905,230830.007,276568.031,238659.76,218507.158,233317.569,229595.232,208968.556,177081.954,203104.059,226166.279,242550.856,220753.483,233334.038,273859.372,324525.045,327962.535,302590.596,304781.082,268189.507,320491.54
Netherlands,Greenland,Export,Food Products,Export (US$ Thousand),3.773,11.365,12.553,29.481,,33.845,12.119,,16.569,10.749,,7.917,12.44,23.63,16.333,28.83,10.315,13.953,416.462,290.124,524.301,1366.935
Netherlands,Grenada,Export,Food Products,Export (US$ Thousand),26.72,13.892,21.179,13.754,9.171,27.688,14.137,58.482,39.582,23.29,34.958,22.62,192.836,147.997,167.093,138.656,72.205,37.672,30.505,68.848,160.709,166.866
Netherlands,Guadeloupe,Export,Food Products,Export (US$ Thousand),8383.507,9305.028,9795.898,9164.306,,,,,,,,,,,,,,,,,,
Netherlands,Guam,Export,Food Products,Export (US$ Thousand),,,,,,,,,,150.486,300.444,357.405,386.915,211.424,128.146,190.823,639.534,560.904,725.495,943.173,1134.875,1063.191
Netherlands,Guatemala,Export,Food Products,Export (US$ Thousand),1616.421,1329.065,1934.292,2913.521,2426.473,2138.955,1661.403,2947.341,3838.542,4344.394,4231.729,3732.395,4182.663,5827.827,7583.278,6979.442,6781.415,4351.887,4829.11,6612.35,7126.74,11208.418
Netherlands,Guinea,Export,Food Products,Export (US$ Thousand),3872.277,2778.85,3333.232,2888.878,1803.705,1699.975,1108.936,1539.881,1199.43,2116.661,4396.122,1582.31,2146.071,2719.901,2951.147,3661.326,3927.09,3357.049,5658.057,6240.593,8499.656,11582.022
Netherlands,Guinea-Bissau,Export,Food Products,Export (US$ Thousand),338.024,444.426,564.636,506.272,450.406,1402.028,448.925,565.973,413.311,378.007,460.114,651.473,1127.154,1178.998,1405.846,3364.794,3832.781,2501.742,3275.996,4601.13,4134.67,4142.543
Netherlands,Guyana,Export,Food Products,Export (US$ Thousand),239.113,251.695,242.328,288.948,157.152,223.584,272.687,428.707,577.162,815.135,1173.432,1495.221,2440.923,1263.566,2346.845,2342.039,2708.439,1894.795,2518.671,2380.654,2633.457,3194.87
Netherlands,Haiti,Export,Food Products,Export (US$ Thousand),495.43,598.803,436.495,332.213,593.7,565.632,1240.238,1897.06,740.093,1093.712,2165.466,937.624,3264.516,2532.106,4697.46,5218.107,4728.718,3991.903,7095.781,9998.414,12425.464,9350.304
Netherlands,Heard Island and McDonald Isla,Export,Food Products,Export (US$ Thousand),,,,,,,,,,,,,,,,,,,37.137,,,
Netherlands,Holy See,Export,Food Products,Export (US$ Thousand),,,,,,,,,394.901,710.331,59.522,143.641,29.859,654.169,7.538,56.286,94.309,20.929,9.284,,,0.011
Netherlands,Honduras,Export,Food Products,Export (US$ Thousand),313.504,379.919,789.487,1153.14,1765.947,2336.388,1956.313,1963.763,2419.111,3718.263,3225.523,4273.029,5544.951,5945.975,7235.271,6386.382,6751.943,7403.369,5345.047,9376.408,6089.482,5875.812
Netherlands,"Hong Kong, China",Export,Food Products,Export (US$ Thousand),36880.897,60004.263,75702.901,112549.633,120742.939,117756.593,63907.079,60347.089,62016.843,70479.498,71103.238,67637.814,68261.243,62581.353,76439.589,83016.103,107121.896,141789.999,237705.985,442010.537,545935.144,743172.73
Netherlands,Hungary,Export,Food Products,Export (US$ Thousand),13274.665,17573.397,24177.742,35490.643,24035.977,50877.557,32714.023,31855.277,36686.148,33306.717,45515.407,60900.274,76656.427,106935.513,95890.271,107978.18,144203.062,141802.555,150820.478,187820.318,143266.981,217885.601
Netherlands,Iceland,Export,Food Products,Export (US$ Thousand),5788.953,5014.428,4883.876,4943.725,6395.19,6375.3,6742.546,7332.553,7625.534,8982.593,10372.884,15042.691,18175.047,20833.918,21541.233,29340.017,26453.707,25193.221,28050.215,32244.897,34023.802,46647.348
Netherlands,India,Export,Food Products,Export (US$ Thousand),1102.627,1160.244,1371.895,1675.46,2176.533,3202.511,2493.086,2908.646,5733.878,6076.775,8048.692,7771.303,10282.482,18750.776,20458.264,30354.534,32713.477,29316.279,41879.691,55406.525,57536.708,61768.095
Netherlands,Indonesia,Export,Food Products,Export (US$ Thousand),8246.535,10143.624,8886.888,6489.98,8537.686,14343.467,7457.117,17441.426,31430.937,33479.598,43096.737,58879.125,68627.01,42861.76,49762.434,42210.251,54143.748,65281.079,42617.123,52951.745,56351.932,67895.567
Netherlands,"Iran, Islamic Rep.",Export,Food Products,Export (US$ Thousand),51017.485,11175.679,17430.756,82816.014,21342.564,70637.458,12541.85,1732.25,2590.326,3458.496,5065.981,8674.996,15549.999,21483.113,22885.516,30450.633,44030.57,45585.273,55116.306,54606.625,39108.088,24287.303
Netherlands,Iraq,Export,Food Products,Export (US$ Thousand),10953.642,11696.65,226.156,3287.587,1982.607,2992.798,4991.793,6704.267,5770.7,2211.61,399.647,2162.527,5635.77,6418.568,8364.722,6153.003,7896.915,12567.308,20396.057,19795.744,29005.157,32688.316
Netherlands,Ireland,Export,Food Products,Export (US$ Thousand),83093.855,86403.181,115820.254,146222.526,129676.993,158877.313,106756.217,135403.88,105165.919,143760.009,168688.082,193565.491,213529.75,249693.628,282005.969,364706.07,359354.578,337898.341,369114.531,462838.392,505398.344,559951.595
Netherlands,Israel,Export,Food Products,Export (US$ Thousand),29742.676,30131.739,30286.637,30088.682,35097.101,42080.171,32822.594,37287.422,36278.362,48229.932,47047.862,52909.552,48619.403,60477.067,73429.398,142154.659,131509.643,108116.253,97786.482,114976.207,120001.022,131387.244
Netherlands,Italy,Export,Food Products,Export (US$ Thousand),1127337.538,804979.198,909304.225,1106300.216,1239685.56,1087669.904,1115624.266,1179024.013,1192441.615,1185837.565,1356891.996,1335188.041,1608111.636,1698767.833,1963175.686,2187736.713,2048977.582,1770408.322,1752022.409,1972793.717,1811647.621,1787192.044
Netherlands,Jamaica,Export,Food Products,Export (US$ Thousand),762.011,1673.831,1208.372,1143.077,672.784,461.531,913.012,936.689,2407.144,2750.853,3970.965,4451.732,4247.355,4082.96,6730.221,6868.245,8076.692,8105.196,7231.064,7279.424,7635.753,9006.047
Netherlands,Japan,Export,Food Products,Export (US$ Thousand),111384.938,80907.868,123701.693,139686.908,152515.798,188685.848,162927.45,135513.607,125981.493,126799.856,129525.464,171484.406,170004.933,196210.946,222700.366,233860.743,320995.819,534073.659,591140.829,747104.73,687903.296,737804.819
Netherlands,Jordan,Export,Food Products,Export (US$ Thousand),12165.995,13135.694,14749.387,21160.187,15390.056,16281.396,12316.106,8037.274,8777.097,14207.51,12176.494,17078.543,16196.929,15601.811,18793.613,24395.1,31226.633,31889.182,40089.169,44938.737,54710.819,71424.797
Netherlands,Kazakhstan,Export,Food Products,Export (US$ Thousand),1069.003,2449.788,5410.999,5905.688,8083.494,14940.881,5393.72,2213.618,2554.426,3823.963,6303.661,4194.989,4268.505,6840.173,9469.046,11732.163,9980.555,7028.038,9010.979,11392.465,14123.747,13823.242
Netherlands,Kenya,Export,Food Products,Export (US$ Thousand),576.206,581.197,629.565,1954.793,1354.934,1324.587,663.53,868.53,2239.61,935.164,1296.255,2739.351,2682.278,4799.313,3727.565,5271.65,4439.896,4829.072,6358.349,12217.363,16302.842,13934.128
Netherlands,Kiribati,Export,Food Products,Export (US$ Thousand),,,12.278,,,,0.504,,,,14.172,,,,,,,,,,11.108,68.634
Netherlands,"Korea, Dem. Rep.",Export,Food Products,Export (US$ Thousand),3177.212,1589.131,3360.892,2912.565,3695.164,970.757,436.304,113.098,549.546,2070.081,2544.328,472.77,6.22,1302.12,796.521,796.238,365.448,354.402,527.873,280.078,89.231,294.702
Netherlands,"Korea, Rep.",Export,Food Products,Export (US$ Thousand),30588.875,34373.124,33524.864,41907.686,41163.058,44506.838,27186.458,34750.919,34408.801,36244.782,40396.517,47168.447,52763.497,52895.669,57648.49,84940.805,94867.604,73149.078,96135.22,123851.209,107629.469,105572.281
Netherlands,Kuwait,Export,Food Products,Export (US$ Thousand),9998.348,13984.957,14886.254,13821.044,13168.324,16306.531,18148.697,16825.171,20359.921,22418.862,23272.143,38341.894,42546.954,39241.444,37114.843,39369.876,35650.32,29077.686,36925.909,54775.949,49696.804,57449.351
Netherlands,Kyrgyz Republic,Export,Food Products,Export (US$ Thousand),50.418,19.627,66.15,1502.89,1062.056,541.525,1025.109,135.815,29.457,74.347,57.633,354.011,167.953,266.144,422.129,399.493,673.426,1663.178,937.703,1674.273,2956.314,3261.037
Netherlands,Lao PDR,Export,Food Products,Export (US$ Thousand),2.969,0.616,16.217,,,81.023,37.369,,,7.166,,,,,,70.014,27.998,30.697,498.694,253.426,277.606,512.609
Netherlands,Latvia,Export,Food Products,Export (US$ Thousand),5183.348,5652.998,14135.634,35642.195,32271.126,12731.664,9904.272,6115.54,4605.329,13095.882,17639.286,15482.661,13969.991,13206.506,15671.604,25743.215,53672.204,39644.16,49880.019,52166.714,43263.369,46967.405
Netherlands,Lebanon,Export,Food Products,Export (US$ Thousand),17471.617,14291.523,19547.259,22988.238,20229.101,24086.446,24882.686,23498.013,22545.22,22345.41,23322.219,27766.769,33262.241,28093.208,34296.868,36035.284,38341.077,43008.187,53584.414,59318.348,58708.779,75052.397
Netherlands,Lesotho,Export,Food Products,Export (US$ Thousand),,,,,,,,,,,,6.786,4.976,1.244,2.513,2.746,13.263,71.159,,,,
Netherlands,Liberia,Export,Food Products,Export (US$ Thousand),964.929,1169.161,807.333,899.169,629.995,2122.518,1159.933,1060.409,1418.512,785.573,662.301,1136.684,5063.484,4900.05,3761.486,4734.872,5418.353,4855.583,4119.532,4564.389,6397.792,8535.011
Netherlands,Libya,Export,Food Products,Export (US$ Thousand),15195.266,20311.604,3549.627,16039.961,20758.641,16811.126,20476.172,18880.776,12443.504,12497.522,4700.347,3827.403,11607.448,16224.887,14434.108,26043.864,21114.927,27351.722,45090.701,42013.512,46287.803,54267.415
Netherlands,Lithuania,Export,Food Products,Export (US$ Thousand),8696.704,11717.141,13211.677,11064.399,7177.902,13398.33,8917.527,3462.542,4157.039,7346.951,11543.481,12172.138,18742.357,33632.502,47913.098,58615.51,93895.041,78505.566,76121.142,74111.879,75858.907,75996.098
Netherlands,Luxembourg,Export,Food Products,Export (US$ Thousand),,,,,,,,,37614.947,32480.836,40249.13,59122.296,78235.189,85362.855,88984.16,93956.145,118565.718,109381.771,58811.418,60160.253,46892.439,46839.981
Netherlands,Macao,Export,Food Products,Export (US$ Thousand),,,,23.194,96.368,47.178,189.369,95.698,202.513,600.154,114.32,201.323,1056.24,2642.794,327.905,462.642,1551.68,7086.64,16234.084,52196.27,37316.998,21795.932
Netherlands,"Macedonia, FYR",Export,Food Products,Export (US$ Thousand),,12217.132,6414.357,8828.664,18919.43,3085.606,1729.058,3024.65,2295.761,1710.886,2274.117,3319.57,3446.155,3793.186,5427.395,7313.039,7727.454,6377.835,6636.876,6571.131,5778.93,6661.047
Netherlands,Madagascar,Export,Food Products,Export (US$ Thousand),137.836,182.888,188.823,315.954,137.634,278.456,202.497,376.992,269.711,2378.219,451.611,330.26,333.419,113.174,157.042,247.108,1902.391,839.959,863.432,890.911,716.447,526.934
Netherlands,Malawi,Export,Food Products,Export (US$ Thousand),30.825,18.426,6.279,38.227,9.963,64.099,45.95,153.696,2676.854,0.896,17.951,,279.922,1150.392,1995.071,1522.463,316.82,164.643,274.547,346.085,411.393,308.649
Netherlands,Malaysia,Export,Food Products,Export (US$ Thousand),13116.299,15851.569,14505.233,16046.411,21480.621,25375.693,20604.957,23525.573,30536.196,49288.712,53351.521,62645.453,72073.166,67005.079,71768.512,76898.792,84506.863,106760.037,93879.162,92680.04,122002.984,121306.01
Netherlands,Maldives,Export,Food Products,Export (US$ Thousand),99.584,77.264,63.657,209.838,124.837,152.303,157.042,168.192,248.538,267.831,319.34,391.336,258.773,540.995,688.476,466.76,1623.887,897.167,344.843,1164.012,1341.168,1541.947
Netherlands,Mali,Export,Food Products,Export (US$ Thousand),584.445,298.303,150.084,320.429,960.829,482.556,677.689,702.755,386.616,1073.11,1621.265,1196.629,824.838,1867.988,1392.025,2269.278,3473.228,3151.943,4233.595,6524.086,10731.723,21584.077
Netherlands,Malta,Export,Food Products,Export (US$ Thousand),8163.184,6868.969,7849.12,9482.153,11950.234,16896.248,10321.381,11241.729,10993.693,12062.185,11696.538,14900.181,17131.248,16323.137,18023.475,21917.15,23342.98,23256.566,24300.727,37939.983,61084.998,42507.175
Netherlands,Marshall Islands,Export,Food Products,Export (US$ Thousand),,4.594,12.132,17.071,,,,,,15.228,,,4.976,,,17.847,95.783,,37.137,,,
Netherlands,Martinique,Export,Food Products,Export (US$ Thousand),5418.526,6882.757,7129.994,7806.445,,,,,,,,,,,,,,,,,,
Netherlands,Mauritania,Export,Food Products,Export (US$ Thousand),261.097,662.556,315.12,199.033,872.415,946.137,672.134,82.645,548.626,435.335,548.925,364.191,1225.439,972.548,609.325,2939.219,6268.609,7196.867,8591.863,13495.479,17547.368,22463.63
Netherlands,Mauritius,Export,Food Products,Export (US$ Thousand),869.553,868.495,680.025,826.017,706.707,661.516,541.834,2435.005,562.434,438.021,418.544,1240.738,915.657,1052.144,1218.652,2118.268,1861.132,2872.886,4211.048,4353.344,6546.934,7222.621
Netherlands,Mayotte,Export,Food Products,Export (US$ Thousand),,,,,,,,,128.872,253.497,157.78,262.399,521.278,1508.569,1378.206,1801.146,2130.797,1575.273,1968.25,2115.742,1929.476,2413.843
Netherlands,Mexico,Export,Food Products,Export (US$ Thousand),4445.337,7743.099,19355.447,11131.21,14314.487,17892.17,28017.173,27989.629,31341.647,35136.738,38918.862,39462.744,30388.371,46233.342,41670.338,50091.64,49005.375,37858.199,49028.526,72390.553,81577.939,85548.563
Netherlands,"Micronesia, Fed. Sts.",Export,Food Products,Export (US$ Thousand),456.425,1483.929,648.524,2.75,3.048,4.102,,,,,,,32.346,64.67,,,33.892,2.791,,,,
Netherlands,Moldova,Export,Food Products,Export (US$ Thousand),44.091,454.408,426.401,858.53,843.847,1900.48,1371.025,478.488,571.639,640.462,401.538,675.224,1490.43,395.487,2011.402,1930.191,2253.104,2496.159,4579.761,4049.788,5159.701,8417.317
Netherlands,Mongolia,Export,Food Products,Export (US$ Thousand),0.716,93.672,25.373,149.9,90.175,385.632,286.323,175.922,641.599,1068.632,311.781,677.487,578.506,972.548,1228.702,1179.258,1840.501,2431.978,4394.078,8980.18,10374.224,17005.084
Netherlands,Montenegro,Export,Food Products,Export (US$ Thousand),,,,,,,,,,,,,,,15741.96,7543.674,9124.407,5207.193,4508.142,4814.313,4224.278,4713.39
Netherlands,Montserrat,Export,Food Products,Export (US$ Thousand),,,,40.365,133.908,99.484,36.358,85.548,61.674,70.764,154.001,269.185,297.34,284.8,261.319,216.906,223.984,242.779,200.273,186.34,386.585,260.666
Netherlands,Morocco,Export,Food Products,Export (US$ Thousand),4098.951,2831.342,2999.433,3575.711,4340.444,3014.313,4329.738,5453.877,6575.229,5456.917,4455.645,7064.409,14339.488,17272.055,31506.534,26798.916,27617.834,28285.167,28052.869,36896.55,35440.502,43512.712
Netherlands,Mozambique,Export,Food Products,Export (US$ Thousand),391.783,893.46,794.213,383.14,40.501,108.198,448.42,89.896,1756.34,294.703,50.074,287.281,486.443,747.444,849.287,472.252,483.334,506.488,1274.588,867.73,1343.359,2540.514
Netherlands,Myanmar,Export,Food Products,Export (US$ Thousand),,1910.28,50.559,67.352,118.891,197.433,313.091,465.446,889.217,1641.912,1249.961,667.307,395.624,977.523,31.409,30.202,57.47,18.138,83.558,296.156,295.442,701.823
Netherlands,Namibia,Export,Food Products,Export (US$ Thousand),,,,,,,,,51.549,2.688,17.951,1748.571,2560.356,116.905,212.322,61.777,279.981,284.638,236.082,304.351,300.906,269.149
Netherlands,Nauru,Export,Food Products,Export (US$ Thousand),,50.987,5.885,,,,,14.016,,,,7.917,,9.949,,,,,,,0.095,
Netherlands,Nepal,Export,Food Products,Export (US$ Thousand),46.412,88.757,71.949,365.211,68.505,204.606,246.431,332.526,443.686,474.749,379.807,1015.663,1740.495,2142.839,2552.887,3999.04,3504.172,4377,3776.017,5381.204,7856.244,6434.784
Netherlands,Netherlands Antilles,Export,Food Products,Export (US$ Thousand),23358.634,20260.902,20002.929,20466.522,29145.362,21411.581,18807.663,20299.315,19138.397,17542.392,25897.722,30270.869,27683.701,28652.856,35190.127,39148.852,41752.415,43451.886,47076.192,,,
Netherlands,New Caledonia,Export,Food Products,Export (US$ Thousand),2939.456,2704.344,2255.639,2868.371,2018.238,2259.977,1428.602,1172.069,767.709,755.119,752.055,793.983,873.358,1081.991,1100.554,1312.42,1548.732,1414.817,3169.892,3078.801,7064.681,4700.819
Netherlands,New Zealand,Export,Food Products,Export (US$ Thousand),5864.948,6456.795,5289.623,5742.447,6671.037,7052.234,6391.598,6923.679,7453.398,6216.512,8661.863,10342.132,13402.683,16452.479,21425.651,27441.4,43237.783,24866.724,31891.221,50314.741,66570.81,64609.524
Netherlands,Nicaragua,Export,Food Products,Export (US$ Thousand),285.964,344.328,173.975,256.128,360.976,329.739,368.13,637.993,1359.599,1512.923,1097.85,1140.079,1858.684,1064.58,1510.121,440.677,1108.132,1067.391,1831.64,2284.102,2280.589,934.035
Netherlands,Niger,Export,Food Products,Export (US$ Thousand),272.648,199.464,287.615,555.802,165.262,391.274,382.273,242.147,284.438,735.412,4046.55,2516.54,4929.122,1064.579,1457.357,1818.993,2344.466,979.488,2230.86,3723.907,6730.349,5253.062
Netherlands,Nigeria,Export,Food Products,Export (US$ Thousand),7680.028,7785.172,7246.526,9786.329,15970.928,13887.563,14320.885,11998.16,24459.889,27165.447,31072.356,38038.777,48249.904,54281.115,44917.981,42163.575,60101.432,46662.431,48962.21,74567.773,67267.144,72150.447
Netherlands,Northern Mariana Islands,Export,Food Products,Export (US$ Thousand),,,,6.548,3.416,,,,,,,,,,,,,16.743,,,,
Netherlands,Norway,Export,Food Products,Export (US$ Thousand),47016.589,51968.957,50029.848,67696.817,60309.156,62672.328,76040.377,78529.956,53232.383,53255.098,65762.323,100053.116,120213.59,122006.276,135109.487,173129.709,211102.12,215077.207,226827.557,308807.064,294356.491,325802.747
Netherlands,Occ.Pal.Terr,Export,Food Products,Export (US$ Thousand),,,,,,,,,424.356,372.632,523.416,150.427,262.505,167.894,77.893,934.893,475.966,828.797,1139.304,1323.441,1187.112,879.875
Netherlands,Oman,Export,Food Products,Export (US$ Thousand),4154.407,3332.362,2618.3,3173.847,4008.273,6295.834,3622.75,3318.041,3983.063,4669.552,4390.454,6150.539,14060.81,18313.006,17934.276,25119.952,24994.863,22955.187,27975.943,35974.09,40603.607,41310.865
Netherlands,"Other Asia, nes",Export,Food Products,Export (US$ Thousand),61909.202,66079.437,80129.368,101172.95,113786.191,131347.788,82637.549,74615.486,91513.78,88370.337,86134.897,92115.552,108609.875,108115.752,119480.599,112357.493,121154.799,123609.467,146036.463,184945.27,193405.431,189957.089
Netherlands,Pakistan,Export,Food Products,Export (US$ Thousand),3163.861,3594.956,4614.168,6961.432,6488.7,13249.127,7207.163,7395.418,9070.742,10078.993,10426.735,12126.896,14643.049,14661.596,21014.825,18498.817,17992.412,15980.169,19626.797,29617.965,37481.201,44913.104
Netherlands,Panama,Export,Food Products,Export (US$ Thousand),2778.187,3159.952,5542.45,7530.567,6985.638,6527.124,6180.524,6916.922,5889.446,6247.864,7185.151,7445.566,7997.07,9405.86,12657.641,13891.617,15029.043,12920.316,15922.402,25394.955,24313.953,22995.87
Netherlands,Papua New Guinea,Export,Food Products,Export (US$ Thousand),144.772,68.658,209.063,150.779,333.711,77.433,162.099,439.828,266.949,117.344,227.695,400.384,133.119,110.687,150.761,111.199,35.366,66.974,71.621,706.368,497.405,450.501
Netherlands,Paraguay,Export,Food Products,Export (US$ Thousand),1005.878,1683.858,2978.325,2748.58,4046.322,1969.721,999.36,1586.764,1098.173,535.66,393.034,419.613,513.813,243.759,552.791,833.305,1351.272,1322.729,2801.176,3525.974,4555.676,5608.831
Netherlands,Peru,Export,Food Products,Export (US$ Thousand),991.103,1544.666,1973.091,2872.665,2360.789,3053.302,3452.07,3359.13,4459.889,5600.237,6143.046,7590.337,7096.342,5574.118,6374.677,6608.778,9918.667,8627.03,11637.079,15080.604,17480.949,32079.644
Netherlands,Philippines,Export,Food Products,Export (US$ Thousand),12975.5,10646.135,17159.123,17248.967,20732.335,30151.056,24781.712,37582.266,37213.602,39327.957,42319.172,49509.677,43742.532,41114.407,44645.354,56718.266,60774.859,63363.963,49620.062,74532.496,94532.514,106526.314
Netherlands,Poland,Export,Food Products,Export (US$ Thousand),102216.776,70094.033,70637.436,121091.734,87780.909,151020.966,132002.546,121318.685,137004.642,138239.496,140486.008,162320.806,261942.632,326368.22,314324.1,388189.616,563477.825,493141.651,565306.884,748828.728,560626.626,647768.322
Netherlands,Portugal,Export,Food Products,Export (US$ Thousand),62850.099,58887.911,77229.944,77095.433,68543.141,75353.783,70451.689,73344.308,68928.06,64605.16,79501.504,94381.005,101645.406,104688.206,113632.326,151623.032,180313.139,193309.407,179754.019,203761.422,197264.534,180526.644
Netherlands,Qatar,Export,Food Products,Export (US$ Thousand),1440.965,1650.6,2470.622,2286.931,2605.199,2520.475,2422.907,2918.81,3653.518,4539.667,5536.489,7109.649,9639.283,9938.149,12435.269,29620.073,17093.526,15519.728,19874.817,28771.757,29529.601,34214.138
Netherlands,Reunion,Export,Food Products,Export (US$ Thousand),10775.686,10044.128,11259.834,10786.052,,,,,,,,,,,,,,,,,,
Netherlands,Romania,Export,Food Products,Export (US$ Thousand),17310.873,8404.505,8844.396,11094.484,7817.758,11353.73,11247.541,6432.124,8715.421,12978.54,13964.988,21076.731,30409.521,40161.757,53245.012,59999.317,106349.739,85860.1,72709.863,107724.042,118716.828,137868.473
Netherlands,Russian Federation,Export,Food Products,Export (US$ Thousand),183067.548,269770.519,237757.107,307874.629,299345.553,317503.913,158860.27,57078.327,64262.896,103040.95,151207.521,177668.873,250169.72,325867.023,342466.153,420901.291,562957.651,456179.224,535484.711,524500.543,503966.909,546082.799
Netherlands,Rwanda,Export,Food Products,Export (US$ Thousand),373.193,283.205,304.416,341.049,121.39,695.887,186.339,272.112,195.149,320.679,228.64,39.585,87.087,57.209,96.738,148.265,165.041,213.479,160.484,338.314,652.22,872.885
Netherlands,Saint Helena,Export,Food Products,Export (US$ Thousand),10.518,19.035,,48.826,66.381,12.82,1.01,6.283,4.603,,,7.917,,,,,4.421,6.977,10.61,,,
Netherlands,Saint Maarten (Dutch part),Export,Food Products,Export (US$ Thousand),,,,,,,,,,,,,,,,,,,,,,10549.338
Netherlands,Saint Pierre and Miquelon,Export,Food Products,Export (US$ Thousand),268.565,305.341,216.144,300.113,350.422,279.994,225.726,2259.082,208.957,275.892,258.873,341.57,365.765,333.303,319.111,322.613,417.023,435.328,449.62,544.611,544.44,588.805
Netherlands,Samoa,Export,Food Products,Export (US$ Thousand),23.708,22.8,2.735,,,1.025,,,,,,,,,,10.983,,,,96.674,232.386,73.6
Netherlands,San Marino,Export,Food Products,Export (US$ Thousand),,,,,,,,,11.046,27762.913,32663.387,41617.355,41764.415,40539.832,35387.373,34854.655,34811.853,30174.378,30746.613,17076.449,18226.685,14388.457
Netherlands,Sao Tome and Principe,Export,Food Products,Export (US$ Thousand),1.789,15.843,44.067,654.816,,73.32,19.688,66.211,69.959,177.359,171.953,373.24,206.52,215.154,180.913,281.429,91.362,209.293,171.095,549.402,168.043,375.508
Netherlands,Saudi Arabia,Export,Food Products,Export (US$ Thousand),58396.25,52673.143,49998.929,48176.696,52541.901,55207.787,54339.582,52186.067,70519.626,76963.84,77149.915,91581.705,104544.157,107225.288,142418.882,166692.533,161121.235,179860.279,188048.786,252777.584,285754.705,279495.41
Netherlands,Senegal,Export,Food Products,Export (US$ Thousand),2704.548,767.021,518.93,8314.554,1166.28,665.625,2556.233,926.532,772.311,1162.687,1429.473,2722.387,3667.605,6765.551,5189.948,8961.801,12411.965,8426.111,14206.15,21683.518,22507.354,29856.983
Netherlands,"Serbia, FR(Serbia/Montenegro)",Export,Food Products,Export (US$ Thousand),12575.022,6818.425,7141.633,4256.329,11584.171,13762.943,8913.505,7837.652,8706.218,9425.99,11668.195,13548.599,20802.586,18266.988,3488.859,25177.609,34777.961,26930.345,22018.139,24140.473,35645.383,58246.971
Netherlands,Seychelles,Export,Food Products,Export (US$ Thousand),191.177,351.599,184.977,157.653,119.561,107.176,56.049,88.445,100.336,69.869,165.338,122.151,51.007,104.468,527.664,555.994,251.982,406.027,691.011,1025.555,1663.596,1906.768
Netherlands,Sierra Leone,Export,Food Products,Export (US$ Thousand),1259.768,1580.309,2215.306,2066.111,1947.347,557.415,785.234,988.881,1712.156,3903.683,4485.878,3878.3,3915.181,2825.611,2975.018,6093.971,4771.453,4414.673,4569.152,5795.945,7323.769,7951.301
Netherlands,Singapore,Export,Food Products,Export (US$ Thousand),25311.758,22948.624,19831.601,21779.617,33165.667,43888.881,30106.266,32902.636,35870.574,48015.85,55603.908,54656.993,52188.725,45276.962,52645.738,57791.814,68649.67,63792.314,87378.896,116942.427,152258.869,163730.688
Netherlands,Slovak Republic,Export,Food Products,Export (US$ Thousand),,3890.954,11351.258,21803.993,18694.423,37564.332,33923.991,25473.884,22305.887,16180.85,26230.291,28009.94,42559.395,38702.935,40048.4,52016.341,69261.206,54633.679,68819.783,83111.253,79646.273,90157.354
Netherlands,Slovenia,Export,Food Products,Export (US$ Thousand),4444.462,27419.147,25307.82,35480.613,39042.978,27765.419,21535.644,18692.76,14798.175,11623.268,10456.969,13026.065,25003.91,37045.126,35497.932,25397.262,27840.347,27754.957,31867.348,83470.105,47388.086,55479.681
Netherlands,Solomon Islands,Export,Food Products,Export (US$ Thousand),105.534,40.883,86.348,,37.05,,,,,,,,32.347,,,35.693,,,,36.228,,
Netherlands,Somalia,Export,Food Products,Export (US$ Thousand),914.691,1890.94,79.681,20.488,24.07,50.256,168.664,104.88,165.693,143.321,96.369,20.359,,,154.53,923.911,166.515,692.059,588.883,452.868,912.391,223.789
Netherlands,South Africa,Export,Food Products,Export (US$ Thousand),5346.784,7220.62,7297.989,12752.779,13409.685,21895.71,11457.104,14640.522,13113.638,14505.793,16761.573,25860.986,33522.256,33243.236,38694.064,116289.261,129673.563,192357.824,90311.377,130977.659,127554.508,138301.591
Netherlands,South Georgia and the South Sa,Export,Food Products,Export (US$ Thousand),,,,,,,,,,,,,,22.386,,,,,,,,
Netherlands,South Sudan,Export,Food Products,Export (US$ Thousand),,,,,,,,,,,,,,,,,,,,,,3647.144
Netherlands,Spain,Export,Food Products,Export (US$ Thousand),336847.356,314874.074,336633.577,437916.02,347420.993,346746.784,331995.553,331592.826,303623.128,329148.265,468831.841,631716.075,828945.892,818804.619,739892.221,1031656.046,1280398.057,1273051.522,1238543.899,1209477.243,1062582.802,1106505.065
Netherlands,Special Categories,Export,Food Products,Export (US$ Thousand),290862.86,459733.03,466982.026,403527.917,412564.671,,619991.72,260401.281,241867.714,,659.466,297.461,8361.592,1278.49,1456.1,4911.968,4839.237,3657.035,226.8,78.129,,
Netherlands,Sri Lanka,Export,Food Products,Export (US$ Thousand),13662.6,10798.687,10443.786,10222.258,5793.735,4616.361,9266.495,7949.802,13114.557,9001.403,4360.22,8056.321,10726.625,14569.564,13441.599,12192.059,8063.429,3933.302,6461.803,6352.807,8278.505,7812.508
Netherlands,St. Kitts and Nevis,Export,Food Products,Export (US$ Thousand),139.341,69.544,147.457,89.313,2.398,7.179,19.694,13.049,13.809,15.228,11.338,61.075,135.606,124.368,234.935,174.349,175.356,198.13,192.316,310.703,262.757,97.777
Netherlands,St. Lucia,Export,Food Products,Export (US$ Thousand),164.695,121.942,163.357,526.469,176.505,168.713,299.961,210.728,75.484,102.117,158.724,157.213,242.6,247.489,348.006,370.662,361.027,252.546,233.431,430.149,456.774,1153.969
Netherlands,St. Vincent and the Grenadines,Export,Food Products,Export (US$ Thousand),73.098,16.128,8.791,18.503,2.125,9.743,,11.599,12.887,17.019,39.682,67.861,109.48,266.146,280.164,367.917,465.65,142.319,179.053,431.655,357.019,429.555
Netherlands,Sudan,Export,Food Products,Export (US$ Thousand),,,,,,,,,,,,,,,,,,,,,32976.879,31175.619
Netherlands,Suriname,Export,Food Products,Export (US$ Thousand),7531.369,6184.007,3492.489,4722.596,6249.802,9556.803,10556.191,8122.307,8685.966,9642.761,12585.589,16006.328,16182,19834.011,21595.253,25475.513,24020.828,27096.387,27125.775,32342.548,34903.221,43210.749
Netherlands,Swaziland,Export,Food Products,Export (US$ Thousand),,,,,,,,,,5.375,32.123,,,,,,101.677,22.325,76.926,283.916,164.034,380.571
Netherlands,Sweden,Export,Food Products,Export (US$ Thousand),138467.724,123339.621,131816.554,210884.226,243518.029,222792.77,210983.51,241419.898,217241.212,212593.115,235099.478,332240.996,378127.829,361199.62,400536.772,483422.489,548472.357,443773.769,546319.371,698609.17,599892.711,689336.912
Netherlands,Switzerland,Export,Food Products,Export (US$ Thousand),144716.847,146624.332,169292.839,184144.185,194086.427,193910.402,167816.199,174075.107,143457.444,131965.653,178279.623,216153.278,262065.798,257995.109,283085.166,317579.733,361000.569,398166.173,428203.148,408821.986,396267.051,423760.531
Netherlands,Syrian Arab Republic,Export,Food Products,Export (US$ Thousand),5421.721,4314.439,15063.942,18398.844,4158.436,11363.483,14438.055,7950.761,9995.857,10654.96,18655.884,11516.14,13767.203,13261.228,29294.117,27279.406,24800.351,32775.184,58422.808,32060.43,20753.277,9177.661
Netherlands,Tajikistan,Export,Food Products,Export (US$ Thousand),31.337,360.283,1032.577,360.823,412.434,867.665,612.525,347.991,233.81,78.826,29.289,698.976,153.023,723.814,339.212,115.317,325.661,235.803,,78.032,1216.751,2312.872
Netherlands,Tanzania,Export,Food Products,Export (US$ Thousand),1313.925,1166.348,2243.389,2956.366,1424.499,492.81,517.099,901.408,3666.406,1817.479,2172.079,2630.774,3142.595,2836.806,3301.664,4069.054,4865.761,4357.467,5067.845,6373.576,6628.648,9369.685
Netherlands,Thailand,Export,Food Products,Export (US$ Thousand),24175.121,28078.123,26027.117,25094.048,24754.162,30228.491,20530.232,24387.365,26840.336,24008.82,37477.108,52040.922,57331.83,58357.857,65725.51,64311.361,70456.28,72589.57,75447.376,129548.69,143305.935,150230.127
Netherlands,Togo,Export,Food Products,Export (US$ Thousand),2987.707,1872.358,1325.956,1055.982,994.062,1333.315,648.397,249.386,389.378,1354.377,3495.733,2236.045,4371.765,4270.755,4020.291,5518.756,3863.728,3415.651,6183.277,6837.417,8481.205,8685.069
Netherlands,Tokelau,Export,Food Products,Export (US$ Thousand),,,,,,,,,,,,,,,,,25.051,,,62.603,,
Netherlands,Tonga,Export,Food Products,Export (US$ Thousand),,,,,,0.512,,,,,,,,,,,,,,,,0.635
Netherlands,Trinidad and Tobago,Export,Food Products,Export (US$ Thousand),753.102,463.673,559.985,440.143,916.043,727.673,2043.66,793.617,2696.185,4199.282,4369.668,3103.544,6652.2,7705.763,7269.193,8177.918,10222.224,11559.916,9847.883,10522.703,12174.613,13537.286
Netherlands,Tunisia,Export,Food Products,Export (US$ Thousand),7239.766,10859.302,3151.578,21291.269,3874.269,11691.7,19786.891,4006.311,8246.882,5671.001,6890.377,8832.208,5696.73,12600.839,9208.984,10427.981,17143.628,10175.796,13260.487,22798.006,15743.934,17562.619
Netherlands,Turkey,Export,Food Products,Export (US$ Thousand),8846.593,14680.982,14154.599,37672.341,26510.307,29633.598,23663.649,31510.179,35624.797,29549.937,45026.949,81438.634,114315.312,115723.268,120919.107,142760.075,201708.047,206988.756,246767.363,306777.32,320863.562,390166.509
Netherlands,Turkmenistan,Export,Food Products,Export (US$ Thousand),92.24,2472.929,302.744,1553.95,3109.616,263.059,249.956,585.308,195.149,88.68,171.009,191.144,140.583,1.244,90.457,1.373,170.936,83.717,212.21,582.194,583.343,820.129
Netherlands,Turks and Caicos Isl.,Export,Food Products,Export (US$ Thousand),141.831,158.05,150.623,150.912,263.645,354.869,220.174,505.563,508.124,630.609,700.092,868.631,727.798,533.533,582.942,713.869,596.8,474.396,411.157,536.987,314.925,273.895
Netherlands,Uganda,Export,Food Products,Export (US$ Thousand),160.625,292.093,483.772,352.812,104.112,165.124,129.776,221.36,1970.82,211.398,247.537,439.969,527.498,840.72,807.828,1035.111,1002.035,958.558,948.315,3102.981,2402.018,3265.176
Netherlands,Ukraine,Export,Food Products,Export (US$ Thousand),977.805,4576.85,11165.529,34693.476,35159.151,26641.302,16362.051,6341.749,6905.692,12639.944,17142.326,29674.816,50297.694,67965.189,88832.144,78001.171,111031.303,91530.53,150423.91,142023.558,126768.556,144289.674
Netherlands,United Arab Emirates,Export,Food Products,Export (US$ Thousand),36480.866,30767.742,31116.072,35979.162,46987.818,43855.034,37737.622,46812.395,40718.92,46489.489,54004.373,66069.079,79965.73,89240.611,119533.364,158395.18,167892.334,150765.849,197127.405,243943.086,262841.808,262883.664
Netherlands,United Kingdom,Export,Food Products,Export (US$ Thousand),1124359.344,1008727.912,1160868.368,1426456.484,1196690.328,1212742.344,1105160.428,1298664.622,1225478.848,1283607.917,1460560.361,1741587.238,2023966.775,2025736.745,2336312.902,2948968.192,3216173.754,2820941.595,2768489.61,3642642.547,3482336.971,4055896.227
Netherlands,United States,Export,Food Products,Export (US$ Thousand),493907.163,521959.568,595595.052,629033.125,657087.906,646943.721,506126.711,804927.102,873910.767,990656.062,1274085.604,1492410.166,1447428.738,1379550.7,1578720.084,1837262.718,1629390.423,1380631.984,1511394.557,1427047.251,1412537.965,1389548.189
Netherlands,United States Minor Outlying I,Export,Food Products,Export (US$ Thousand),,,,,,,,,352.557,,,102.924,,,,,,,,27.252,,
Netherlands,Unspecified,Export,Food Products,Export (US$ Thousand),92.567,193.515,447.25,1930.782,1613.579,2563.049,1882.583,5258.885,14050.721,316951.716,383358.299,262260.817,16437.041,82429.043,84399.773,52723.345,32950.72,27555.433,27792.911,22575.112,20158.253,26188.071
Netherlands,Uruguay,Export,Food Products,Export (US$ Thousand),1130.818,2218.215,4522.756,4708.802,4806.538,8379.925,7311.691,5570.363,5839.739,4592.517,1355.776,2087.88,2602.656,2191.341,3727.564,5822.151,6900.774,10979.478,11358.554,16445.362,18457.071,19189.005
Netherlands,Us Msc.Pac.I,Export,Food Products,Export (US$ Thousand),99.532,135.757,103.659,383.832,361.502,381.02,244.411,312.713,,,,,,,,,,,,,,
Netherlands,Uzbekistan,Export,Food Products,Export (US$ Thousand),24.911,178.609,1247.094,14682.643,13761.977,4481.48,1988.625,2145.496,923.276,331.429,519.637,1069.954,427.97,814.602,1093.018,906.064,1374.849,1569.691,2026.608,3889.724,3653.307,5292.907
Netherlands,Vanuatu,Export,Food Products,Export (US$ Thousand),45.913,72.173,58.947,50.31,,32.306,4.039,2.416,3.682,3.583,,,,,,,,6.976,173.747,193.212,97.752,320.974
Netherlands,Venezuela,Export,Food Products,Export (US$ Thousand),3195.202,4380.45,2274.05,2458.919,3050.739,3375.348,5988.624,7749.214,7903.531,9379.411,9338.336,6920.768,9631.819,11165.647,16764.623,20975.395,30173.024,27993.553,17642.63,38595.478,34209.283,32866.399
Netherlands,Vietnam,Export,Food Products,Export (US$ Thousand),1232.363,675.164,887.64,1538.599,2793.253,6713.274,5954.288,8116.553,9813.596,17664.214,25375.253,39163.022,67193.808,41396.719,43440.522,56920.071,82791.616,141381.179,176734.001,189654.942,188914.928,175847.587
Netherlands,Wallis and Futura Isl.,Export,Food Products,Export (US$ Thousand),18.969,56.818,38.691,58.98,46.51,59.486,120.69,166.263,81.005,103.012,105.817,92.744,99.528,104.468,46.485,76.878,98.73,65.578,531.852,251.176,198.406,144.23
Netherlands,Yemen,Export,Food Products,Export (US$ Thousand),4896.384,3899.157,2878.276,2460.214,2764.1,7571.729,7095.057,9345.657,10428.499,18208.831,11636.072,14054.169,13858.023,18662.476,15599.993,23653.776,21204.814,28156.799,26449.354,26909.675,31058.145,31663.852
Netherlands,Zambia,Export,Food Products,Export (US$ Thousand),271.593,367.517,207.101,260.337,,0.512,71.201,139.681,80.085,14.333,30.234,13.572,738.995,155.458,248.756,197.687,352.185,565.09,835.578,566.389,188.487,292.648
Netherlands,Zimbabwe,Export,Food Products,Export (US$ Thousand),1345.032,111.712,676.008,589.856,434.493,533.323,468.116,296.758,2999.954,89.576,348.629,373.239,638.223,256.195,45.228,32.948,32.418,372.541,592.863,1048.599,952.125,1477.847
